destination_airport,incoming_routes
ATL,911
ORD,550
PEK,534
LHR,524
CDG,517
LAX,498
FRA,493
DFW,467
JFK,455
AMS,450
PVG,414
SIN,412
BCN,392
DEN,374
ICN,370
MIA,366
IST,360
MUC,360
HKG,355
DXB,354
LGW,352
CAN,336
FCO,331
MAD,331
BKK,330
DME,325
CTU,323
YYZ,317
BRU,315
MAN,311
VIE,308
CLT,299
NRT,289
PHL,287
DUS,285
XIY,280
PMI,277
KMG,272
CKG,270
DEL,263
TPE,263
KUL,257
PHX,257
HGH,254
EWR,252
LAS,252
SFO,250
ZRH,247
IAH,242
MEX,242
MCO,238
AUH,236
XMN,233
SZX,233
CPH,228
BOM,225
LIS,221
ARN,220
DTW,217
BOS,212
MSP,212
TXL,210
DUB,207
SHA,206
ATH,206
AGP,204
ORY,203
SYD,202
SEA,202
SVO,198
GRU,194
MXP,194
MNL,193
DCA,192
IAD,190
CSX,188
DOH,188
FLL,188
TAO,188
WUH,187
YUL,185
LED,184
OSL,183
JED,182
CGK,182
PRG,181
CGO,174
STN,170
NKG,165
GVA,163
JNB,162
HEL,161
HAM,160
TFS,159
LGA,158
HND,158
ALC,157
YVR,157
BOG,155
LPA,154
CUN,154
URC,153
CAI,152
KIX,152
TSN,147
SAW,145
BNE,144
BWI,144
DLC,143
LYS,140
TPA,138
RUH,138
KWE,137
SLC,137
STR,136
SHE,136
TLV,135
TNA,135
NCE,134
FOC,133
MEL,132
MDW,132
BHX,131
CGN,131
HRB,130
MRS,129
NBO,128
AYT,126
MSY,125
CMN,125
VCE,123
WAW,120
KWI,119
SAN,119
EDI,118
CTA,118
PDX,117
AKL,117
ACE,117
HNL,115
OTP,115
LIM,115
NNG,114
YYC,113
MLA,113
AMM,112
TYN,110
HER,109
SGN,109
ADD,109
SYX,109
HAK,107
KWL,107
STL,107
LTN,106
PTY,106
FAO,105
MCT,104
MAA,104
IBZ,103
SJU,102
OPO,102
CMB,102
DPS,101
RIX,101
SVX,101
BRS,100
KBP,100
BSB,99
SHJ,98
BLR,98
LCA,97
EMA,97
BUD,97
CCU,97
GIG,96
GLA,96
FUE,95
BSL,94
GDL,92
CCS,91
NTE,91
OVB,90
PER,90
TUN,88
BLQ,88
ALG,87
HAN,87
SKG,87
HET,87
BAH,86
RHO,86
KHN,86
BEG,85
NGO,85
VKO,85
FUK,85
CRL,84
NGB,84
AUS,84
LHW,84
RDU,84
TLS,83
SJW,82
BNA,82
DMM,82
SXF,82
BGY,81
WNZ,81
NCL,81
CTS,81
VLC,81
NAY,80
LBA,80
CLE,80
PUS,80
NAP,79
MFM,79
TAS,79
SCL,79
HFE,77
MCI,77
HAJ,76
PSA,76
CVG,75
EZE,74
DAC,74
PIT,74
HYD,73
MTY,73
SJO,73
RAK,72
YEG,71
PUJ,70
LUX,70
HOU,70
IND,69
BGO,68
SAT,68
NAS,67
DMK,67
CGQ,67
DKR,67
BOD,67
ADB,67
ALA,67
HKT,67
EIN,67
INC,66
SOF,66
LCY,66
BEY,66
SUB,66
CMH,65
RSW,65
KHH,64
GYD,64
LJG,64
PMO,63
AEP,63
KHI,63
BIO,63
MHD,63
IKA,62
OKA,62
SVQ,62
DBV,61
THR,61
SJC,60
BVA,60
LIN,60
MKE,60
DLM,59
ZUH,59
MED,59
ISB,59
COK,59
LOS,59
CJU,59
ANC,59
VNO,58
SSA,58
LPL,58
KRK,57
OAK,57
VCP,57
YNT,56
UPG,56
SXM,56
LHE,55
CNF,55
CNS,54
MEM,54
DYU,54
GOT,54
MSQ,54
CFU,53
ACC,53
SMF,53
ESB,53
FLR,53
OLB,52
BKI,52
FNC,52
YHZ,52
TSE,52
SVG,52
BDL,52
SAL,52
ABJ,52
ADL,51
BRE,50
RGN,50
GDN,50
POM,50
SJD,50
XNN,50
CIA,50
BRI,50
GRO,49
SPU,48
CEB,48
SFB,48
SDQ,48
WUX,47
NUE,47
HHN,47
KGS,47
DLA,47
CNX,47
CGH,47
TIP,47
BLL,47
KJA,46
LAD,46
AUA,46
KEF,46
CHQ,46
KRR,45
FRU,45
PVR,45
EVN,45
NBE,45
JAX,45
SNA,44
POA,44
MBJ,44
DWC,44
PBI,44
YOW,44
DRW,44
JJN,44
KTM,44
PFO,43
CAG,43
CWB,43
ZAG,43
ITM,42
CPT,42
TRV,42
PEN,42
SDF,42
TRD,42
TRN,42
HAV,42
OGG,42
ABZ,41
MLE,41
ABQ,41
OKC,41
IKT,41
MRU,41
TIJ,41
GUA,40
YWG,40
TSA,40
NAN,40
LIL,40
KRT,40
UIO,39
SSH,39
SYZ,39
GMP,39
HBE,39
AJA,39
HRG,39
LEJ,39
REP,39
COO,39
PPT,39
KGL,38
VRN,38
TLL,38
NRN,38
CHC,38
ORF,38
JER,38
SAH,38
RIC,38
TSF,38
CZX,37
TRF,37
RYG,37
KHV,36
BIA,36
TIA,36
BPN,36
DAL,36
DJE,36
REC,36
SWA,36
MAH,36
GYE,36
SXB,35
BUF,35
CHS,35
POS,35
AMD,35
BHM,35
OMA,35
GUM,35
TBS,35
SZG,35
FOR,35
PNQ,35
YKS,35
BFS,34
MYR,34
ORK,34
ANU,34
ORN,34
KIV,34
BEL,34
SCQ,34
TFN,34
DTM,34
CGB,33
OUA,33
SOU,33
WRO,33
DAD,33
LUN,33
EBB,33
LJU,33
RTM,33
LBD,33
GAU,32
BJV,32
CUR,32
MAO,32
WLG,32
AZA,32
DAY,32
PNH,32
DAR,32
STT,32
AHO,31
NYO,31
CWL,31
SDU,31
PIE,31
HRE,31
SDJ,31
PLS,31
TUS,31
TYS,31
LXA,30
CCJ,30
EBL,30
PEW,30
ROC,30
JOG,29
OSS,29
SZB,29
SNN,29
BAV,29
RNO,29
RMQ,29
ALB,29
GSP,29
ABV,29
LIT,29
GOI,29
PTP,29
YCU,29
KZN,28
GRR,28
TPS,28
PVD,28
AGA,28
VLI,28
TUL,28
KTW,28
YZF,28
BET,28
OOL,28
FIH,28
BZE,28
ROV,28
KIN,28
DSM,28
BKO,27
TNR,27
YQB,27
CLO,27
FAI,27
BMA,27
BTH,27
KUF,27
GSO,26
TOS,26
KCH,26
AER,26
VVO,26
KBL,26
WMI,26
ZAD,26
TXN,26
BZV,26
SYR,26
ONT,26
GCM,26
MDE,26
VTE,25
LPB,25
DSN,25
PSP,25
SUF,25
BEN,25
LBV,24
XNA,24
YIH,24
PAP,24
VVI,24
MPL,24
OME,24
PDL,24
AWZ,24
EXT,24
JHG,24
MYY,24
SKP,24
FDF,23
UFA,23
SAV,23
HPN,23
BGI,23
FMM,23
BWN,23
YRT,23
HIR,23
TJM,23
ELP,23
HMO,23
SAP,23
OTZ,23
MVD,23
FNA,22
KTN,22
CAK,22
GYN,22
BDS,22
IEV,22
MRV,22
DRS,22
XRY,21
DYG,21
BDO,21
POZ,21
LFW,21
GSE,21
CLJ,21
PNS,21
MDC,21
LIH,21
PIK,21
JRO,21
NSI,21
YYT,21
SCO,21
LIR,21
BHD,21
FLN,21
PRN,21
DUR,21
AAL,21
MIG,21
KOA,21
ADE,21
RUN,21
XUZ,20
CEK,20
LEX,20
GOA,20
IFN,20
REU,20
ULN,20
BOI,20
MHT,20
MJV,20
FAT,20
ICT,20
JNU,20
FKB,20
BTS,20
BHY,20
CLY,20
SDR,19
YZV,19
WDH,19
ZHA,19
TNG,19
RAO,19
BOH,19
GRZ,19
KUN,19
MDT,19
ODS,19
PMV,19
BND,19
BUR,18
NTG,18
YIW,18
CID,18
HLD,18
USM,18
PKU,18
WIL,18
FEZ,18
GCI,18
CKY,18
UVF,18
LGB,18
PNR,18
ASU,18
VTZ,18
LEI,18
JAN,18
KOJ,18
DOM,18
JHB,18
TGU,18
LYI,18
YFB,18
GOJ,18
PWM,18
NDR,18
DJJ,18
KLO,18
YTY,18
LKO,18
HSV,18
CGR,17
NGS,17
NIM,17
MSN,17
LGK,17
CJB,17
YQR,17
KIH,17
ZTH,17
EYW,17
UUS,17
KMQ,17
HIJ,17
LWO,17
BOO,17
YNZ,17
CUU,17
CAE,17
BES,17
SRG,17
OMS,17
JIB,17
RAI,17
MPM,17
OVD,17
PGD,17
JAI,17
ADA,17
MDL,16
YXL,16
CIH,16
BVC,16
KBV,16
LOP,16
ROB,16
IDR,16
MMX,16
VER,16
KIJ,16
JDZ,16
VIX,16
ISP,16
MIR,16
CZL,16
SJJ,16
NUX,16
JZH,16
IXB,16
JTR,16
TSV,16
CZM,16
LYG,16
CGP,16
CHA,16
FWA,16
CUL,16
IXE,16
NAT,16
TGD,16
GEG,15
WUS,15
MID,15
CIF,15
CRW,15
SXR,15
MZT,15
PUY,15
SID,15
TLH,15
BDA,15
MLI,15
TBZ,15
BJX,15
YYR,15
NOC,15
DOK,15
UDI,15
ZYI,15
ROA,15
ASB,15
YLW,15
KGD,15
YXE,15
GND,15
NAG,15
PIA,15
DZA,15
FPO,15
SLZ,15
MHH,14
MGQ,14
FAR,14
AHB,14
FSC,14
SEN,14
SSG,14
TLC,14
YQT,14
LZH,14
TTN,14
NJC,14
BGW,14
YTZ,14
BJM,14
UET,14
MAR,14
BDJ,14
AMQ,14
DVO,14
YNJ,14
DNK,14
HYN,14
BTV,14
ISG,14
COS,14
ECN,14
NSK,14
BIQ,14
MGA,14
KBR,14
SGF,14
SGC,14
RAR,13
LZO,13
EUG,13
LPQ,13
VSA,13
POP,13
MCZ,13
STM,13
XFN,13
AJU,13
CHO,13
LLW,13
BJL,13
SRQ,13
YMM,13
RTB,13
AES,13
TGO,13
COR,13
ABE,13
SEZ,13
KOW,13
KHG,13
ANI,13
TIF,13
FSD,13
JMK,13
PAT,13
YYJ,13
ZNZ,13
ELQ,13
ILM,13
ASP,13
FDH,13
PLM,13
CBR,13
ISA,13
RNS,13
OKJ,13
CRK,13
HSN,13
NOU,13
TSR,13
HIA,12
MRA,12
BRN,12
WXN,12
LCG,12
PLU,12
CTG,12
HAU,12
IGU,12
LDB,12
AVL,12
IXJ,12
UKB,12
JUB,12
BOJ,12
UNK,12
BMI,12
CJS,12
TMP,12
BME,12
MUX,12
UYN,12
EIS,12
IAS,12
FNT,12
HGU,12
TER,12
BIL,12
MYJ,12
NMA,12
GNV,12
SKT,12
YWK,12
RAB,12
MBA,12
RBA,11
PVK,11
CEI,11
KOI,11
HTA,11
LNZ,11
CIT,11
PZO,11
IXZ,11
UUD,11
DAT,11
SUV,11
SBN,11
FUG,11
MDZ,11
SPR,11
VRA,11
FMO,11
ANF,11
ZAH,11
NZH,11
MLH,11
KMI,11
EGC,11
EGO,11
IOM,11
KRS,11
TIV,11
VPS,11
JPA,11
STI,11
LAE,11
CUZ,11
PAD,11
ADZ,11
SON,11
RZE,11
CBB,11
TRS,11
THE,11
VGO,11
KOE,11
BLA,11
EOH,11
SKB,11
NKC,11
LIG,11
NWI,10
MGF,10
RIY,10
LRM,10
LRH,10
IXR,10
MJT,10
GUW,10
VOG,10
TRC,10
TZX,10
VLN,10
INV,10
SFA,10
SPN,10
YQM,10
PMC,10
BPS,10
PBM,10
OUD,10
YXS,10
SBH,10
NLA,10
HMI,10
YNB,10
SLU,10
RPR,10
ALF,10
NJF,10
BLI,10
FBM,10
FSZ,10
MRY,10
JNG,10
ILO,10
MDG,10
VNS,10
HKD,10
JMU,10
LAP,10
AOI,10
RAS,10
AQP,10
CCF,10
MLM,10
BAQ,10
AVP,10
YBP,10
MAB,10
KRL,10
ACY,10
NDJ,10
KLX,10
IQQ,10
ISU,10
HAH,10
LXR,10
ZQN,10
SCW,9
BLK,9
EVE,9
ATQ,9
TOY,9
HRK,9
CFE,9
IMF,9
HBA,9
GBE,9
OIT,9
ACA,9
PVH,9
EVV,9
SCN,9
GEA,9
AGU,9
TUU,9
MOB,9
HTY,9
GOH,9
FMN,9
LYA,9
DAX,9
ATW,9
SBW,9
ZIH,9
PPS,9
HEH,9
AMA,9
SMI,9
CJJ,9
MAF,9
BZR,9
APL,9
HFT,9
MFR,9
PLZ,9
IOS,9
STX,9
LBB,9
ARH,9
NEV,9
PSR,9
AAE,9
KMJ,9
HMB,9
YRL,9
MST,9
PHF,9
SNU,9
JGS,9
DSA,9
GRX,9
IXC,9
HOG,9
GPT,9
VAR,9
YVP,9
ROR,9
GZT,9
TRZ,9
NYM,8
POL,8
UKK,8
GRB,8
IXM,8
SPC,8
ASF,8
CIY,8
CCC,8
ELH,8
RDM,8
ZAZ,8
UGC,8
YYQ,8
KUT,8
BBI,8
KSU,8
AXT,8
BFJ,8
CRD,8
MAG,8
PAC,8
SHV,8
ASR,8
YYY,8
TJA,8
CGD,8
NTL,8
SJP,8
GJT,8
HGA,8
HRL,8
SLY,8
VOZ,8
PHE,8
SBA,8
HMA,8
SOC,8
LAN,8
PIR,8
YDF,8
PSC,8
KNX,8
SLP,8
GWT,8
GSM,8
GEO,8
LGG,8
REX,8
MJZ,8
QSF,8
SFJ,8
INN,8
UME,8
FAY,8
YGJ,8
TGZ,8
YEV,8
ASM,8
NDG,8
SOQ,8
AAR,8
VBY,8
TKU,8
TDD,8
GYS,8
NNY,8
BBO,8
TTE,8
PHC,8
GGT,8
BON,8
BSR,8
IXA,8
VXO,8
TAK,8
LST,8
BGR,8
BTR,8
BZN,8
BHO,8
TZA,8
WUA,8
VVC,8
RAP,8
NBC,7
TRK,7
HTI,7
RJK,7
SZZ,7
VII,7
YQQ,7
GTF,7
WEF,7
IMP,7
PMW,7
IXS,7
DIG,7
VFA,7
REN,7
JIQ,7
DIY,7
XIL,7
TET,7
QRO,7
IQT,7
BMV,7
FEG,7
ROS,7
FYU,7
JGN,7
TRI,7
YVO,7
MMK,7
YTH,7
WJR,7
YGW,7
BRC,7
AKJ,7
UDR,7
BHK,7
LCE,7
PIS,7
KLU,7
VXE,7
AKX,7
KTA,7
MOL,7
MKY,7
AQG,7
MKW,7
ZCL,7
YEK,7
ZLO,7
GAL,7
SRZ,7
LVI,7
DNH,7
MUB,7
JUH,7
PBC,7
PBG,7
CAY,7
PDG,7
KGF,7
BEW,7
DLU,7
AOK,7
DGA,7
SHP,7
SKD,7
CXR,7
KAN,7
SIP,7
TAM,7
PKN,7
BTU,7
AKN,7
AZD,7
ECP,7
CGY,7
TAI,7
PGK,7
EFL,7
SLL,7
LSC,7
OAJ,7
VDS,7
MGM,7
CJC,7
GRQ,7
NVT,7
AGS,7
TWU,7
HLH,7
OXB,7
PLW,7
MSO,7
CEE,7
TGG,7
LLA,6
TPP,6
BRA,6
LET,6
HEA,6
AXA,6
ERF,6
SCC,6
GIB,6
TAE,6
MLU,6
YXU,6
BUS,6
GHB,6
LUM,6
HRI,6
MQL,6
PKC,6
PEI,6
RMF,6
ABD,6
BVE,6
SLA,6
HDY,6
NVI,6
TMM,6
IQN,6
MUR,6
TLM,6
MCG,6
RGI,6
AJL,6
GZP,6
APW,6
NKM,6
UIB,6
PCL,6
JKL,6
OAX,6
REG,6
BFL,6
DOY,6
NQY,6
JIU,6
GDX,6
NYU,6
BIS,6
LRR,6
MWX,6
DUD,6
SOW,6
YCS,6
YTS,6
NQN,6
ALS,6
GEV,6
VQS,6
GBT,6
BCD,6
SCU,6
TJU,6
JIC,6
YXN,6
GRK,6
BHV,6
HME,6
YBK,6
MMB,6
JKH,6
YXJ,6
ACK,6
ILG,6
UTH,6
YNA,6
KVA,6
DIB,6
YKQ,6
BRW,6
AZS,6
HDG,6
ELM,6
GOV,6
LRS,6
ZQW,6
HTN,6
YVQ,6
TKG,6
SWF,6
ULK,6
YBL,6
DJB,6
SAF,6
ATZ,6
PNK,6
PLJ,6
KIR,6
BJA,6
HKN,6
PAZ,6
IXL,6
ENY,6
JDH,6
GIZ,6
VDC,6
USH,6
JXA,6
PGA,6
YIC,6
SDK,6
AEX,6
SRE,6
SRY,6
NAO,6
YBC,6
MFE,6
LFT,6
AZO,6
PUQ,6
TVS,6
YCB,6
PQQ,6
ZYL,6
MWZ,6
ADQ,6
ZAM,6
CUK,6
STS,6
LUZ,6
OGX,6
JUL,6
CYS,6
PEE,6
KSH,6
VPE,6
KKN,6
ACX,6
EZS,6
ZGS,6
ZBR,6
MZV,6
WWK,6
JUZ,6
HOR,6
HYL,5
YZS,5
PUF,5
REL,5
FNJ,5
NBS,5
BUZ,5
XAP,5
VAA,5
HAS,5
TOB,5
VOL,5
KUS,5
RKV,5
SVD,5
RBR,5
FSM,5
PZU,5
WBB,5
LRE,5
RFD,5
RGL,5
GRJ,5
CGA,5
KKA,5
MQM,5
SYY,5
DIE,5
TAC,5
ETH,5
IAG,5
JJU,5
TEN,5
BNK,5
JSH,5
JNZ,5
SCE,5
CWA,5
BOB,5
TUK,5
CCP,5
MQN,5
TFF,5
CNJ,5
KSQ,5
CDB,5
KSC,5
KWN,5
ERZ,5
BGA,5
ELS,5
IBR,5
KLV,5
GNY,5
VAN,5
EBA,5
SDL,5
AKU,5
TOL,5
YXT,5
YQD,5
LSI,5
RFP,5
GFK,5
AZR,5
LDY,5
BRM,5
KQT,5
LXS,5
BNN,5
DDG,5
MLB,5
YWL,5
MMY,5
YSB,5
GES,5
AOR,5
MLN,5
LMM,5
PKZ,5
YTL,5
MYD,5
DED,5
EWN,5
MZG,5
GZO,5
BKS,5
NOJ,5
DRO,5
YUY,5
KUH,5
KGI,5
TCZ,5
MEH,5
HDF,5
JDO,5
TVC,5
ROK,5
KNH,5
CUF,5
DLI,5
EBU,5
SSJ,5
KUA,5
HUY,5
PGU,5
TUF,5
DGO,5
RLG,5
SPI,5
MBS,5
JOI,5
FCA,5
OVS,5
BTJ,5
CRP,5
YFO,5
RBY,5
YCO,5
LZY,5
MAS,5
UAK,5
LDE,5
DQA,5
PFB,5
RTW,5
PEG,5
BLZ,5
YHK,5
IXU,5
PQC,5
TAH,5
XQP,5
GXF,5
SKZ,5
KSM,5
RLK,5
PMR,5
PYJ,5
KVD,5
LNV,5
BDQ,5
BQS,5
YGT,5
WAA,5
PGF,5
TOF,5
AOJ,5
GUR,5
PNZ,5
KDH,5
YXY,5
GKA,5
PBH,5
TBU,5
SKK,5
PNP,5
MXZ,5
XIC,5
HTS,5
MOT,5
TAB,5
CEN,5
NUS,5
DAB,5
YKA,5
TAL,5
YUT,5
JAV,5
MCY,5
BCV,5
ETZ,5
BGM,4
ELI,4
GDT,4
UUA,4
FKS,4
ANX,4
IDA,4
SVA,4
ZSA,4
YCY,4
KZO,4
VNX,4
EDL,4
ABA,4
BLJ,4
COQ,4
PMF,4
TMS,4
NYA,4
BHQ,4
PUU,4
IGM,4
MJF,4
NOS,4
YKL,4
LWS,4
RIA,4
AKP,4
DIL,4
RSH,4
HLN,4
AYQ,4
DCY,4
YBG,4
NYK,4
AUQ,4
FAE,4
DDC,4
HUH,4
GHA,4
SBY,4
IJK,4
SBZ,4
YPH,4
THL,4
GLK,4
MEA,4
ABX,4
FUJ,4
YNG,4
NHV,4
APO,4
TMU,4
FRO,4
KIT,4
SQS,4
YHM,4
GLT,4
ERI,4
GLF,4
BUA,4
YYD,4
BTK,4
UBA,4
BBK,4
ENE,4
YSM,4
BSA,4
CCV,4
PJM,4
VHM,4
FNI,4
BIK,4
CUC,4
TNO,4
YNP,4
CFR,4
KVG,4
RST,4
YHR,4
BSK,4
UNG,4
NDB,4
GTE,4
YQZ,4
ORV,4
ITO,4
BVG,4
ENH,4
HHH,4
MRE,4
DLH,4
YVB,4
KOT,4
VIJ,4
YXC,4
MKK,4
LYC,4
SOG,4
YHU,4
SFG,4
BFN,4
GRI,4
ARI,4
WMO,4
BTT,4
JTY,4
OSI,4
RDZ,4
KLG,4
CMI,4
YUX,4
LRD,4
YFC,4
BXU,4
YYH,4
KRF,4
YDP,4
YPX,4
BYC,4
LSP,4
CXI,4
JGD,4
MCX,4
ASW,4
CFS,4
AZI,4
YYG,4
DRG,4
KTB,4
MSA,4
EUN,4
ART,4
CPO,4
MPH,4
ITH,4
DAU,4
OUL,4
UAS,4
LBC,4
FTE,4
YSO,4
STW,4
HLA,4
BKG,4
UCT,4
YIF,4
NCU,4
KDI,4
KER,4
TOE,4
PHO,4
KTS,4
AUX,4
OSR,4
ABY,4
MXL,4
LBJ,4
SGY,4
GLV,4
HPH,4
DPL,4
YKU,4
SMR,4
LBU,4
YIN,4
KSJ,4
IAN,4
BBA,4
TWB,4
HNA,4
CTL,4
GTO,4
FKQ,4
HAD,4
TMR,4
FLW,4
YMN,4
OZC,4
MZR,4
CKS,4
KWJ,4
MHK,4
MYT,4
MVY,4
MQP,4
MAJ,4
LBL,4
LAU,4
COU,4
TIM,4
EYK,4
MLX,4
PIX,4
YAM,4
BUQ,4
KMS,4
SMK,4
YHO,4
BQN,4
URT,4
VAS,4
HLZ,4
SCY,4
TBG,4
TJQ,4
HOD,4
MHQ,4
GAM,4
XBE,4
NNM,4
DGT,4
JIK,4
INB,4
KYA,4
BHI,4
MUA,4
YQU,4
SHG,4
HUI,4
AVA,4
HOV,4
IGR,4
MUN,4
NSN,4
LGP,4
KCZ,4
PZI,4
AGT,4
SBP,4
WMN,4
ABL,4
HUN,4
STD,4
YXP,4
BKC,4
CLQ,3
KLR,3
DLG,3
ZCO,3
JNN,3
YHD,3
CZH,3
CYB,3
MOZ,3
FEN,3
OMH,3
TLN,3
PVU,3
ONG,3
AEB,3
DIR,3
MDQ,3
ATY,3
KPO,3
SNP,3
FDE,3
YPJ,3
TVU,3
JLR,3
MQT,3
INU,3
SVJ,3
RVK,3
YGL,3
PBO,3
GTR,3
DMD,3
PXM,3
ZEL,3
DCM,3
CXJ,3
LNY,3
KAL,3
GOM,3
KLW,3
YHY,3
TNK,3
PXO,3
KKH,3
ATM,3
BHE,3
BQB,3
NER,3
FON,3
ZRJ,3
RMA,3
PND,3
RSU,3
LIF,3
PLQ,3
CDV,3
LMP,3
WGA,3
PDA,3
TLE,3
LDH,3
SPP,3
TRG,3
STV,3
PEM,3
TYR,3
CMW,3
DEA,3
PCR,3
VAI,3
ZVK,3
HNS,3
EMK,3
VIG,3
BMU,3
BZG,3
BVB,3
JTC,3
SDV,3
VGA,3
HCR,3
PET,3
BHH,3
NPL,3
MVP,3
AOG,3
SOJ,3
ERS,3
ENA,3
ERC,3
BAL,3
SKU,3
DBO,3
SDD,3
SVB,3
GCC,3
MIM,3
BGF,3
BNX,3
DHN,3
ZSJ,3
UEL,3
DUT,3
AKY,3
PWQ,3
SFT,3
OBO,3
EAS,3
KVL,3
YKG,3
INZ,3
MKQ,3
RNB,3
MNG,3
KKI,3
CAW,3
MOC,3
WVB,3
VLL,3
YGR,3
AZN,3
HIN,3
FKI,3
YQX,3
DMB,3
AAQ,3
GIU,3
YIO,3
YKF,3
TNJ,3
ATC,3
CYF,3
VDE,3
DNR,3
JIJ,3
YUD,3
RAJ,3
SMS,3
SRP,3
YSK,3
SHX,3
UAP,3
HYA,3
POR,3
PNL,3
DLE,3
TLA,3
FSP,3
LLF,3
CPR,3
LNK,3
YHI,3
PKY,3
EAM,3
AXD,3
VIL,3
PNI,3
CXB,3
YYE,3
BRO,3
JHS,3
ELD,3
SVU,3
UBP,3
KWT,3
GAJ,3
KWA,3
VLD,3
NDY,3
PPP,3
HZH,3
NPE,3
YQG,3
CLL,3
INH,3
PHS,3
YSJ,3
STG,3
NBX,3
ACV,3
NUL,3
PDP,3
RMI,3
KEJ,3
GAN,3
OSD,3
BWT,3
ANV,3
TIH,3
TSJ,3
URA,3
UIH,3
IPA,3
CDR,3
MME,3
DOU,3
VCA,3
EEK,3
MOV,3
BPX,3
LAQ,3
LKL,3
IPN,3
SJK,3
EGM,3
KCM,3
AKI,3
KEM,3
HOF,3
YBX,3
MTM,3
YTE,3
YAG,3
HEK,3
LSE,3
ORX,3
ENU,3
ZSE,3
JEG,3
DRK,3
LUK,3
CBO,3
YGV,3
JCB,3
ALH,3
LPP,3
YMT,3
SLH,3
SMA,3
SKN,3
CSG,3
MTR,3
FRS,3
JUV,3
YFH,3
WRL,3
PSO,3
MQX,3
KPN,3
EQS,3
AIA,3
RVT,3
VST,3
ISC,3
JBQ,3
BAX,3
YZY,3
LLI,3
ABT,3
CAC,3
OUZ,3
RJA,3
AGH,3
LCH,3
GWD,3
RXS,3
PPW,3
YQK,3
TAG,3
TRW,3
WUZ,3
SYM,3
TZL,3
MTV,3
LBE,3
LKN,3
KOK,3
ESM,3
UBJ,3
SZA,3
TML,3
ANM,3
KKJ,3
MAU,3
TLT,3
ZGU,3
RUR,3
OPS,3
YQF,3
TUG,3
WLS,3
MLG,3
GET,3
ERM,3
YAY,3
OOK,3
VAO,3
HNH,3
TIZ,3
IRA,3
SUG,3
LFM,3
CUE,3
KSY,3
PXU,3
KGX,3
HSL,3
KGA,3
AHE,3
OSY,3
HON,3
URJ,3
USN,3
KSN,3
UKA,3
SIT,3
MCP,3
TMC,3
TPQ,3
TOH,3
KWK,3
LWY,3
BJF,3
AKF,3
ZAT,3
HJJ,3
LNE,3
VAW,3
YAX,3
UAH,3
MDK,3
CME,3
CAP,3
CFB,3
LUV,3
LYR,3
LEA,3
KRN,3
SHH,3
YMO,3
OHE,3
ADU,3
NOV,3
PQS,3
CIJ,3
USU,3
IBE,3
GST,3
KVX,3
ESU,3
RKS,3
BEJ,3
BOC,3
ROT,3
MSR,3
JSR,3
OCC,3
BQK,3
XMH,3
GPA,3
MJN,3
HUX,3
CHG,3
NAQ,3
PMZ,3
RYK,3
PLX,3
YUM,3
MXH,3
GIS,2
FAV,2
LEB,2
PKE,2
IKS,2
ULV,2
INL,2
PSE,2
CYO,2
LGL,2
MXX,2
YFA,2
MIS,2
AXP,2
MOF,2
ARM,2
PDV,2
HOM,2
EBJ,2
LWB,2
NVA,2
NRA,2
HMV,2
JLN,2
ACH,2
PSG,2
KIS,2
RBQ,2
RVE,2
HUU,2
UMD,2
KIM,2
LCR,2
YNO,2
COD,2
MYA,2
BKY,2
KNG,2
URY,2
DRV,2
TCG,2
EVG,2
MOQ,2
KOC,2
LLK,2
BHJ,2
DIU,2
HDS,2
SVP,2
TBB,2
SUJ,2
PPB,2
WEI,2
WRG,2
EOI,2
JUJ,2
KGE,2
KOV,2
IZA,2
DHM,2
BHU,2
HAQ,2
OLH,2
KOZ,2
JQA,2
UTP,2
ORZ,2
OZZ,2
UPN,2
KTE,2
CEG,2
BRL,2
KDM,2
MPA,2
KSF,2
GFF,2
MGZ,2
HOT,2
IAM,2
YQY,2
XKS,2
YGX,2
OHH,2
BSG,2
MII,2
GCK,2
HSG,2
DNZ,2
CBQ,2
DLY,2
MSJ,2
OZH,2
VHC,2
YAB,2
LZC,2
ULH,2
AXM,2
YPN,2
TSH,2
VLV,2
EGN,2
KYU,2
MLO,2
MKL,2
NUI,2
BEU,2
TAY,2
ASJ,2
DMU,2
VUP,2
CCM,2
ZKG,2
YDQ,2
LYB,2
DIK,2
BNY,2
MCN,2
CEC,2
YTQ,2
TUC,2
NRL,2
WWT,2
AAY,2
CRI,2
DOL,2
SFN,2
HPB,2
ODO,2
UKS,2
AFA,2
BDB,2
AKV,2
TRO,2
YVZ,2
KTG,2
YLH,2
ACT,2
LLU,2
NYT,2
IKI,2
DSK,2
WNP,2
KUD,2
CFC,2
UTN,2
TVY,2
LYH,2
TGJ,2
SRX,2
LKE,2
JCK,2
ITB,2
YRB,2
ORI,2
MTT,2
KSD,2
TGM,2
IXD,2
NLT,2
LUG,2
BGG,2
CBT,2
GKK,2
GDQ,2
KUV,2
FKL,2
LNB,2
POI,2
SHW,2
SJZ,2
GLN,2
WNN,2
JAC,2
FBS,2
BLE,2
HGR,2
JAL,2
CZU,2
RSD,2
PED,2
IPL,2
MRD,2
YNS,2
JSI,2
JHM,2
YPY,2
IFO,2
PUW,2
TKX,2
BNS,2
YGH,2
IPH,2
KUK,2
TUP,2
YPM,2
MZH,2
TID,2
ERL,2
YER,2
TAP,2
VDH,2
WBQ,2
SLW,2
TKS,2
YVM,2
HVB,2
OIA,2
AGR,2
ZFN,2
YWH,2
GEL,2
DCN,2
AIN,2
YAC,2
ZEM,2
IGA,2
IMT,2
NRK,2
XBJ,2
KZS,2
NGQ,2
FUO,2
GXH,2
TMJ,2
YOJ,2
UKX,2
RHI,2
BDH,2
MJM,2
MLL,2
VKT,2
BUN,2
SGU,2
RNL,2
PJA,2
UAQ,2
SVS,2
CNP,2
CPE,2
CFN,2
CHY,2
XSB,2
MAM,2
SGO,2
BRD,2
OBU,2
WIC,2
EDA,2
ANR,2
RVV,2
PAS,2
LYP,2
YIK,2
BFI,2
JKG,2
YZG,2
PRA,2
WTK,2
FLG,2
JPR,2
FRW,2
RZR,2
OMR,2
DUJ,2
BVI,2
ZLT,2
DAV,2
BNC,2
PPK,2
KAJ,2
ORH,2
MEU,2
MXV,2
YWB,2
PBL,2
LAW,2
AUU,2
DHB,2
MGB,2
BNI,2
CKH,2
SVL,2
CJL,2
DBQ,2
BAY,2
BSO,2
OSM,2
CPV,2
QRW,2
TKD,2
EWB,2
BFD,2
XSC,2
KRY,2
SDN,2
SWJ,2
ZHY,2
RMT,2
LPI,2
APN,2
SZE,2
PZH,2
YAP,2
OTH,2
ARU,2
PBD,2
BIM,2
ABI,2
MKM,2
ZTB,2
SCM,2
NNT,2
POJ,2
AUK,2
ZKE,2
MMH,2
NOZ,2
YWJ,2
AAN,2
VCL,2
YRG,2
SNW,2
NDU,2
LOH,2
ZBF,2
LUQ,2
LMT,2
AIT,2
NTN,2
MJD,2
PLO,2
HRO,2
YSY,2
ZPB,2
WNR,2
DYR,2
PAG,2
ASO,2
PEU,2
ACI,2
JSU,2
MOU,2
AET,2
VEE,2
EDR,2
BKQ,2
WLK,2
ZUM,2
THU,2
HAA,2
HVG,2
AGF,2
RDN,2
JYV,2
AIU,2
NST,2
JHW,2
BBN,2
CLV,2
LTX,2
TKK,2
KOP,2
DWD,2
AJI,2
BZO,2
AOO,2
CRA,2
GAE,2
ORU,2
RVN,2
FLA,2
AMH,2
KSA,2
TCB,2
LCK,2
ZQZ,2
KIF,2
KDO,2
YAT,2
WKJ,2
MMU,2
ELG,2
TME,2
SJT,2
CSY,2
TYF,2
STC,2
KNS,2
BPT,2
LOD,2
WRY,2
NSH,2
AJR,2
LRT,2
YNC,2
FTA,2
YPR,2
ATT,2
HBX,2
SVI,2
IPT,2
UYL,2
MGW,2
SPS,2
WRE,2
CUQ,2
SMX,2
DZN,2
WAT,2
AQI,2
SJE,2
YOP,2
LDS,2
KKC,2
LGI,2
YZT,2
ATK,2
PGV,2
HRM,2
YCL,2
IRG,2
ISN,2
XCH,2
KBU,2
PGX,2
VXC,2
LPM,2
TIR,2
BTI,2
ROW,2
SOY,2
NME,2
ACR,2
VCS,2
IVC,2
YHP,2
CKB,2
GPS,2
WSX,2
CIK,2
CMA,2
ALO,2
AGM,2
PIU,2
VAK,2
YXX,2
PPQ,2
WNH,2
UVE,2
AVN,2
JST,2
OWB,2
LBS,2
MYG,2
CRM,2
MEG,2
NAV,2
MQF,2
AJF,2
CJA,2
KND,2
YQC,2
SCT,2
ADF,2
RGA,2
ULP,2
BSD,2
YCD,2
YCG,2
TFI,2
YWP,2
GGG,2
VDZ,2
XCR,2
IGD,2
SHD,2
QOW,2
SHB,2
BOY,2
PBJ,2
LNJ,2
SLI,2
SUX,2
SKX,2
GOQ,2
LAO,2
GOU,2
ZAL,2
YGP,2
MVT,2
BEB,2
EPR,2
LKH,2
CVU,2
BQL,2
MLW,2
KTT,2
RNA,2
NNB,2
SNE,2
ASE,2
AAT,2
ULB,2
RAE,2
MRX,2
AXU,2
LOK,2
ROP,2
FLO,2
RCE,2
BHS,2
ELF,2
AQJ,2
KRO,2
SLQ,2
CAB,2
KWM,2
SAB,2
FLS,2
HFA,2
SVK,2
HUS,2
SML,2
MQJ,2
PQI,2
CVM,2
TCQ,2
ORB,2
MMJ,2
AWD,2
RET,2
PHB,2
RBV,2
TUB,2
JNS,2
DEB,2
GOP,2
IOA,2
YFS,2
ONQ,2
WIN,2
PDS,2
HFS,2
TBI,2
SXP,2
LUW,2
TXK,2
EMD,2
AUC,2
SDP,2
HVN,2
BJZ,2
NUP,2
JNX,2
DEC,2
TUO,2
PIZ,2
USK,2
ODN,2
GPI,2
YUS,2
AYP,2
ABB,2
JFR,2
KCT,2
YYB,2
BUC,2
NLK,2
EYP,2
BYN,2
JSY,2
TST,2
FTU,2
CYX,2
IPC,2
YAK,2
WTL,2
KCA,2
KDV,2
ZNE,2
KKR,1
PPG,1
OMO,1
CTM,1
BXB,1
WGP,1
TRE,1
PHW,1
VUS,1
ICI,1
VRC,1
ELU,1
WYA,1
OBY,1
SAX,1
OSW,1
EUX,1
TKP,1
SOM,1
TTU,1
SRV,1
GAO,1
KPB,1
AEY,1
EAR,1
OST,1
TBW,1
BTM,1
RGK,1
EJH,1
DLZ,1
TCT,1
OLC,1
RKD,1
ESC,1
BMY,1
CMG,1
ASV,1
LQM,1
RRG,1
SLK,1
KSE,1
SIC,1
CYZ,1
OER,1
PIN,1
PIB,1
AGN,1
MKP,1
DJG,1
BDU,1
PZB,1
MQH,1
YJT,1
CSH,1
YPC,1
YZP,1
KVC,1
MSS,1
OLP,1
PVE,1
JQE,1
HOE,1
KZR,1
LEH,1
SXK,1
AOS,1
RES,1
ULG,1
DIW,1
GVR,1
CHU,1
TBP,1
VCT,1
BKZ,1
TOG,1
WSN,1
ACZ,1
LOE,1
TMW,1
CED,1
EGS,1
DND,1
YIE,1
ULZ,1
HOI,1
CIZ,1
TEE,1
IRZ,1
GDZ,1
VLS,1
GRV,1
GMB,1
LBF,1
KDU,1
GAF,1
YLE,1
ADK,1
GHT,1
PRH,1
ELV,1
FJR,1
UEO,1
TNW,1
WMX,1
BAZ,1
IZO,1
KHS,1
ZMT,1
OKL,1
MYU,1
RCH,1
LXG,1
KPR,1
SLN,1
DHI,1
BUX,1
SDY,1
TQL,1
RVD,1
CEM,1
OLA,1
KAO,1
PJG,1
CDC,1
QUB,1
IRP,1
KME,1
NAJ,1
YRA,1
TBN,1
KHD,1
NQU,1
RDD,1
BZL,1
JGA,1
RRS,1
AHN,1
NAW,1
KUU,1
AXK,1
KAW,1
NTQ,1
KWF,1
ATD,1
RIW,1
DEF,1
EBH,1
MAQ,1
YPW,1
TGI,1
BFQ,1
BJI,1
LPY,1
HJR,1
IGG,1
SNV,1
KCK,1
WAE,1
PDT,1
LCX,1
MPN,1
CMU,1
SXI,1
LGQ,1
LWN,1
LPT,1
KOS,1
IWK,1
KLL,1
KPV,1
SHC,1
RGS,1
YQL,1
JKR,1
IOQ,1
MBL,1
THN,1
PAF,1
PYY,1
BWA,1
HKK,1
MJU,1
SKE,1
YGK,1
YES,1
HDM,1
XMS,1
YPL,1
KYZ,1
BHR,1
EDO,1
LAR,1
SVR,1
SUR,1
GMR,1
TGC,1
ELC,1
ANG,1
GDV,1
VEL,1
LNS,1
YOG,1
WAG,1
GHE,1
PSM,1
KCL,1
BCI,1
OIM,1
KET,1
TMI,1
YUB,1
VBV,1
VPY,1
NLD,1
CGI,1
UST,1
TUA,1
SHM,1
SLX,1
UYU,1
NVK,1
MFU,1
SCK,1
AGX,1
CPD,1
DPO,1
VLY,1
PYH,1
SPB,1
WSZ,1
PNA,1
PQM,1
UIP,1
AUG,1
PKA,1
APF,1
JOE,1
HVD,1
TTJ,1
TWF,1
SRA,1
RTA,1
MEC,1
CMX,1
NLG,1
BJB,1
NGE,1
PWE,1
CZS,1
ABR,1
KQA,1
CAH,1
KSO,1
VIS,1
SCZ,1
ISE,1
SFL,1
GWL,1
KKE,1
RCB,1
TEB,1
IFJ,1
LUD,1
ACU,1
JOS,1
EKO,1
TCO,1
OGL,1
DIN,1
YFJ,1
CJM,1
DIJ,1
ODY,1
KAE,1
WNA,1
EGE,1
HGN,1
CYP,1
LPD,1
UGB,1
ROO,1
CXF,1
GFN,1
AQA,1
PPV,1
LAZ,1
PIP,1
TNN,1
ARW,1
ETR,1
BVH,1
GCN,1
BDP,1
MCV,1
PES,1
AAX,1
IBA,1
QUO,1
YKM,1
AKK,1
PIH,1
RIB,1
OGZ,1
TBT,1
BLD,1
LMA,1
QFG,1
PPN,1
MYW,1
RJH,1
PAV,1
ERN,1
RIG,1
YYF,1
CKD,1
CTC,1
LPS,1
OTD,1
CIX,1
BSS,1
MCM,1
QUW,1
MWA,1
FRD,1
ZDY,1
RHD,1
RAH,1
VIN,1
HAC,1
YKT,1
TIU,1
MMO,1
YGZ,1
MNA,1
ILP,1
WJU,1
TRU,1
PUB,1
CFK,1
LUO,1
BPL,1
AXR,1
BUL,1
MOI,1
IKE,1
HIB,1
JAU,1
MLY,1
TGH,1
LSA,1
MUK,1
SXO,1
KLN,1
MWF,1
HID,1
MZL,1
SZI,1
AUY,1
PLN,1
OND,1
AKB,1
KAA,1
KAZ,1
TUI,1
TGK,1
UTS,1
ZFM,1
KFP,1
KNQ,1
DBA,1
UTT,1
ALW,1
NAH,1
UDJ,1
IXG,1
GRW,1
TCD,1
LMC,1
FMA,1
EJA,1
KCG,1
TTA,1
GYA,1
PEC,1
UII,1
TDX,1
RUT,1
MCE,1
KGP,1
BNB,1
SYO,1
EGX,1
OAG,1
RDC,1
IRJ,1
SNO,1
GNU,1
CMP,1
KBC,1
OMD,1
LAI,1
BXR,1
PSS,1
SPD,1
SAE,1
LBP,1
ILR,1
XFW,1
BRQ,1
MYQ,1
CBS,1
KZB,1
WHK,1
CND,1
BJR,1
SHR,1
SGD,1
GLH,1
KTL,1
AGB,1
BFV,1
IPI,1
LTI,1
MUW,1
YYU,1
BVV,1
CLD,1
PUG,1
ZIG,1
LEN,1
CCK,1
KAT,1
OLF,1
HVR,1
FMI,1
POG,1
MSZ,1
KVK,1
KCO,1
MPP,1
NOB,1
ZOS,1
ABS,1
KYK,1
THS,1
CUM,1
ELL,1
BKM,1
CPC,1
ESL,1
MEB,1
MRZ,1
YOL,1
KUO,1
CZJ,1
KGT,1
WBM,1
RDV,1
OLL,1
KCC,1
ARC,1
RSA,1
CIU,1
SVC,1
MUE,1
VKG,1
CEZ,1
ARK,1
JBR,1
ABM,1
KFS,1
YLC,1
PVA,1
IRK,1
OGS,1
MGT,1
BRR,1
CIP,1
MHG,1
LLB,1
RNN,1
RKA,1
BSC,1
MOD,1
THD,1
CKX,1
UNN,1
WMR,1
MVR,1
IAA,1
EXI,1
AFL,1
RCY,1
SDG,1
BKW,1
YSG,1
SJL,1
MBI,1
NYI,1
JOL,1
MTS,1
WLH,1
RMP,1
MSU,1
KEW,1
KXU,1
MAZ,1
GNM,1
CNY,1
LKG,1
PFQ,1
QBC,1
PMY,1
PTG,1
LUH,1
AFZ,1
MNT,1
MBE,1
AUR,1
LFR,1
URE,1
DOB,1
IIL,1
RCM,1
SSR,1
LUR,1
BHB,1
KOO,1
YZR,1
RUA,1
SSY,1
ILI,1
TTQ,1
CPX,1
TGR,1
YNY,1
TLJ,1
OGD,1
SHL,1
PYC,1
GIL,1
GLO,1
OGM,1
UIN,1
GPB,1
SDE,1
PKR,1
WWP,1
CAJ,1
ILD,1
LEQ,1
AHU,1
CKZ,1
PBU,1
ZBL,1
GRP,1
AOE,1
IVL,1
IRC,1
VGZ,1
GMA,1
GMZ,1
CGM,1
TGP,1
HOB,1
MEI,1
MDU,1
CLM,1
CSK,1
MHC,1
XTG,1
EAE,1
FRE,1
HKB,1
SLM,1
KRP,1
PTU,1
TNC,1
BYO,1
PBZ,1
ANS,1
PTH,1
CIC,1
RJL,1
TUR,1
IAR,1
BMW,1
TRR,1
YBR,1
ESD,1
NTX,1
TMT,1
PSJ,1
KGC,1
PRC,1
ILY,1
LTO,1
AVV,1
ONJ,1
BFF,1
SYQ,1
CAL,1
SSB,1
CXH,1
HNM,1
FUT,1
LMN,1
LKB,1
SJI,1
HDN,1
GUC,1
PVC,1
IWJ,1
EAT,1
HYG,1
PUE,1
QFX,1
TKJ,1
SVZ,1
GCW,1
OAL,1
ATA,1
CBH,1
FUN,1
BTC,1
CHX,1
ULO,1
CNM,1
LEC,1
XKH,1
JJA,1
KYP,1
MBT,1
GGW,1
RUS,1
SRK,1
TKE,1
XGR,1
NKI,1
JIM,1
YLL,1
SYB,1
URG,1
TEQ,1
PRI,1
MSL,1
SKO,1
TCR,1
NIB,1
LDU,1
NOP,1
PKB,1
MKG,1
YXH,1
KZI,1
BWK,1
TTT,1
DEE,1
URS,1
LTD,1
BIR,1
MGH,1
BLV,1
CDJ,1
LSY,1
MTJ,1
IKO,1
TVF,1
MCK,1
TOU,1
YAA,1
EKS,1
EAU,1
KAD,1
VDM,1
YPO,1
BUW,1
GJA,1
GBB,1
GDE,1
MNS,1
KCQ,1
ROI,1
VDB,1
AOQ,1
MEE,1
PEZ,1
PUM,1
PAH,1
KKB,1
MGS,1
KID,1
KNU,1
BVS,1
CZE,1
FVM,1
IAO,1
YZZ,1
LAM,1
FOE,1
KEP,1
