airport,outgoing_routes,incoming_routes,total_connectivity
ATL,915,911,1826
ORD,558,550,1108
PEK,535,534,1069
LHR,527,524,1051
CDG,524,517,1041
FRA,497,493,990
LAX,492,498,990
DFW,469,467,936
JFK,456,455,911
AMS,453,450,903
PVG,411,414,825
SIN,408,412,820
BCN,391,392,783
ICN,370,370,740
DEN,361,374,735
MIA,368,366,734
MUC,368,360,728
IST,357,360,717
DXB,356,354,710
HKG,355,355,710
LGW,356,352,708
CAN,338,336,674
FCO,331,331,662
MAD,330,331,661
BKK,326,330,656
DME,324,325,649
CTU,324,323,647
YYZ,319,317,636
BRU,316,315,631
MAN,316,311,627
VIE,308,308,616
CLT,301,299,600
PHL,289,287,576
NRT,286,289,575
DUS,285,285,570
XIY,283,280,563
PMI,271,277,548
KMG,273,272,545
CKG,270,270,540
DEL,264,263,527
TPE,264,263,527
KUL,257,257,514
PHX,251,257,508
HGH,252,254,506
EWR,253,252,505
SFO,249,250,499
LAS,246,252,498
ZRH,247,247,494
IAH,243,242,485
MEX,243,242,485
AUH,241,236,477
MCO,237,238,475
SZX,234,233,467
XMN,233,233,466
CPH,229,228,457
BOM,227,225,452
ARN,219,220,439
LIS,214,221,435
DTW,216,217,433
MSP,218,212,430
BOS,212,212,424
TXL,208,210,418
DUB,207,207,414
SHA,205,206,411
AGP,206,204,410
SYD,208,202,410
ORY,201,203,404
ATH,197,206,403
SEA,201,202,403
SVO,199,198,397
DCA,196,192,388
GRU,193,194,387
IAD,196,190,386
MNL,193,193,386
MXP,192,194,386
CSX,189,188,377
DOH,189,188,377
JED,194,182,376
TAO,188,188,376
FLL,186,188,374
WUH,187,187,374
YUL,184,185,369
LED,184,184,368
CGK,185,182,367
OSL,180,183,363
PRG,180,181,361
CGO,174,174,348
STN,173,170,343
NKG,165,165,330
GVA,166,163,329
HAM,161,160,321
JNB,159,162,321
HEL,159,161,320
TFS,159,159,318
LGA,158,158,316
HND,157,158,315
YVR,158,157,315
ALC,157,157,314
CUN,157,154,311
LPA,154,154,308
BOG,152,155,307
URC,153,153,306
KIX,152,152,304
CAI,151,152,303
BNE,152,144,296
TSN,147,147,294
SAW,145,145,290
BWI,142,144,286
DLC,142,143,285
SLC,141,137,278
TPA,138,138,276
LYS,135,140,275
KWE,137,137,274
RUH,136,138,274
STR,137,136,273
SHE,136,136,272
MDW,139,132,271
TLV,136,135,271
TNA,135,135,270
MEL,137,132,269
NCE,135,134,269
FOC,133,133,266
CGN,134,131,265
MRS,136,129,265
BHX,133,131,264
HRB,129,130,259
NBO,130,128,258
AYT,127,126,253
CMN,125,125,250
MSY,123,125,248
VCE,122,123,245
WAW,120,120,240
KWI,120,119,239
SAN,119,119,238
EDI,119,118,237
ACE,116,117,233
CTA,115,118,233
HNL,118,115,233
LIM,115,115,230
PDX,113,117,230
NNG,114,114,228
YYC,115,113,228
OTP,112,115,227
MLA,113,113,226
AMM,111,112,223
STL,114,107,221
TYN,110,110,220
HER,110,109,219
SGN,109,109,218
SYX,109,109,218
HAK,108,107,215
ADD,105,109,214
KWL,107,107,214
LTN,108,106,214
AKL,96,117,213
PTY,106,106,212
FAO,106,105,211
MAA,107,104,211
MCT,104,104,208
SJU,102,102,204
CMB,101,102,203
IBZ,99,103,202
KBP,102,100,202
OPO,100,102,202
RIX,101,101,202
DPS,100,101,201
BRS,100,100,200
SVX,98,101,199
BSB,98,99,197
GLA,100,96,196
BLR,97,98,195
BUD,98,97,195
SHJ,97,98,195
CCU,97,97,194
GIG,98,96,194
EMA,95,97,192
FUE,97,95,192
LCA,93,97,190
BSL,95,94,189
GDL,93,92,185
NTE,92,91,183
PER,92,90,182
CCS,90,91,181
OVB,87,90,177
BLQ,88,88,176
TUN,87,88,175
ALG,87,87,174
HAN,87,87,174
HET,87,87,174
SKG,87,87,174
KHN,86,86,172
BEG,86,85,171
VKO,86,85,171
BAH,84,86,170
FUK,85,85,170
NGO,84,85,169
CRL,84,84,168
LHW,84,84,168
NGB,84,84,168
RHO,82,86,168
AUS,83,84,167
RDU,83,84,167
NCL,84,81,165
SXF,83,82,165
BNA,82,82,164
DMM,82,82,164
SJW,82,82,164
VLC,82,81,163
BGY,81,81,162
CTS,81,81,162
WNZ,81,81,162
CLE,81,80,161
TLS,78,83,161
LBA,80,80,160
NAY,80,80,160
PUS,80,80,160
TAS,81,79,160
MCI,82,77,159
MFM,79,79,158
NAP,79,79,158
SCL,79,79,158
HFE,77,77,154
HAJ,76,76,152
PSA,76,76,152
CVG,75,75,150
EZE,75,74,149
HOU,79,70,149
SJO,76,73,149
DAC,74,74,148
PIT,74,74,148
HYD,74,73,147
MTY,72,73,145
RAK,73,72,145
PUJ,73,70,143
LUX,70,70,140
YEG,68,71,139
HKT,71,67,138
IND,69,69,138
BGO,69,68,137
SAT,68,68,136
EIN,68,67,135
ALA,67,67,134
BOD,67,67,134
DKR,67,67,134
DMK,67,67,134
ADB,66,67,133
BEY,67,66,133
NAS,66,67,133
SOF,66,66,132
CGQ,64,67,131
INC,65,66,131
SUB,65,66,131
KHH,65,64,129
LJG,65,64,129
AEP,65,63,128
BIO,65,63,128
CMH,63,65,128
GYD,64,64,128
LCY,62,66,128
MHD,65,63,128
RSW,63,65,128
SVQ,65,62,127
PMO,63,63,126
KHI,62,63,125
MKE,65,60,125
OKA,61,62,123
IKA,60,62,122
DBV,60,61,121
THR,60,61,121
BVA,60,60,120
LIN,60,60,120
SJC,60,60,120
LOS,60,59,119
ZUH,60,59,119
ANC,59,59,118
CJU,59,59,118
COK,59,59,118
ISB,58,59,117
DLM,57,59,116
LPL,58,58,116
SSA,58,58,116
VNO,58,58,116
KRK,57,57,114
SXM,58,56,114
VCP,57,57,114
MEM,58,54,112
UPG,56,56,112
YNT,56,56,112
LHE,56,55,111
OAK,54,57,111
CNF,55,55,110
CNS,56,54,110
MSQ,54,54,108
SMF,55,53,108
ACC,54,53,107
DYU,52,54,106
FLR,53,53,106
GOT,52,54,106
SVG,54,52,106
ESB,52,53,105
SAL,53,52,105
BKI,52,52,104
FNC,52,52,104
OLB,52,52,104
TSE,52,52,104
BDL,51,52,103
CFU,50,53,103
ABJ,50,52,102
ADL,51,51,102
POM,52,50,102
GDN,51,50,101
SJD,51,50,101
BRE,50,50,100
BRI,50,50,100
CIA,50,50,100
RGN,49,50,99
XNN,49,50,99
DLA,51,47,98
GRO,49,49,98
MED,39,59,98
CEB,49,48,97
SFB,49,48,97
SPU,49,48,97
CNX,48,47,95
NUE,48,47,95
TIP,48,47,95
YHZ,43,52,95
BLL,47,47,94
CGH,47,47,94
HHN,47,47,94
WUX,47,47,94
SDQ,45,48,93
DWC,48,44,92
LAD,46,46,92
PVR,47,45,92
JAX,46,45,91
KEF,45,46,91
KRR,46,45,91
AUA,44,46,90
CHQ,44,46,90
DRW,46,44,90
EVN,45,45,90
FRU,45,45,90
KGS,43,47,90
KJA,44,46,90
NBE,45,45,90
MBJ,45,44,89
YOW,45,44,89
JJN,44,44,88
KTM,44,44,88
PBI,44,44,88
HAV,45,42,87
CAG,43,43,86
CPT,44,42,86
CWB,43,43,86
POA,42,44,86
SNA,42,44,86
TRD,44,42,86
TRN,44,42,86
MLE,44,41,85
PFO,42,43,85
ZAG,42,43,85
ITM,42,42,84
OGG,42,42,84
PEN,42,42,84
TRV,42,42,84
ABQ,42,41,83
NAN,43,40,83
SDF,41,42,83
TIJ,42,41,83
ABZ,41,41,82
IKT,41,41,82
MRU,41,41,82
HBE,42,39,81
KRT,41,40,81
OKC,40,41,81
REP,42,39,81
YWG,41,40,81
COO,41,39,80
LIL,40,40,80
TSA,40,40,80
HRG,40,39,79
LEJ,40,39,79
AJA,39,39,78
GMP,39,39,78
KGL,40,38,78
SYZ,39,39,78
UIO,39,39,78
GUA,37,40,77
PPT,38,39,77
SSH,38,39,77
VRN,39,38,77
JER,38,38,76
NRN,38,38,76
RIC,38,38,76
TLL,38,38,76
TSF,38,38,76
DAL,39,36,75
SAH,37,38,75
CZX,37,37,74
ORF,36,38,74
RYG,37,37,74
TRF,37,37,74
DJE,37,36,73
KHV,37,36,73
BIA,36,36,72
BPN,36,36,72
CHC,34,38,72
REC,36,36,72
TIA,36,36,72
BHM,36,35,71
BUF,36,35,71
FOR,36,35,71
GYE,35,36,71
SWA,35,36,71
AMD,35,35,70
BEL,36,34,70
BFS,36,34,70
GUM,35,35,70
MAH,34,36,70
POS,35,35,70
SCQ,36,34,70
YKS,35,35,70
ANU,35,34,69
CHS,34,35,69
OMA,34,35,69
SXB,34,35,69
SZG,34,35,69
TBS,34,35,69
KIV,34,34,68
MYR,34,34,68
ORK,34,34,68
ORN,34,34,68
PNQ,33,35,68
DAR,35,32,67
DTM,33,34,67
EBB,34,33,67
LUN,34,33,67
CGB,33,33,66
DAD,33,33,66
LBD,33,33,66
LJU,33,33,66
OUA,33,33,66
RTM,33,33,66
SOU,33,33,66
STT,34,32,66
TFN,32,34,66
WRO,33,33,66
AZA,32,32,64
DAY,32,32,64
MAO,32,32,64
WLG,32,32,64
BJV,31,32,63
CUR,31,32,63
CWL,32,31,63
GAU,31,32,63
AHO,31,31,62
NYO,31,31,62
PIE,31,31,62
PLS,31,31,62
SDJ,31,31,62
TUS,31,31,62
TYS,31,31,62
CCJ,31,30,61
PNH,29,32,61
SDU,30,31,61
ALB,31,29,60
EBL,30,30,60
LXA,30,30,60
OSS,31,29,60
PEW,30,30,60
ROC,30,30,60
ABV,29,29,58
BAV,29,29,58
GOI,29,29,58
GSP,29,29,58
JOG,29,29,58
KIN,30,28,58
LIT,29,29,58
PTP,29,29,58
RMQ,29,29,58
SNN,29,29,58
SZB,29,29,58
YCU,29,29,58
YZF,30,28,58
BET,29,28,57
CLO,30,27,57
DSM,29,28,57
HRE,26,31,57
AGA,28,28,56
BZE,28,28,56
GRR,28,28,56
KTW,28,28,56
KZN,28,28,56
OOL,28,28,56
RNO,27,29,56
ROV,28,28,56
TPS,28,28,56
VLI,28,28,56
BKO,28,27,55
FIH,27,28,55
PVD,27,28,55
TUL,27,28,55
BMA,27,27,54
BTH,27,27,54
FAI,27,27,54
KBL,28,26,54
KUF,27,27,54
TNR,27,27,54
YQB,26,27,53
AER,26,26,52
KCH,26,26,52
MDE,26,26,52
SYR,26,26,52
TOS,26,26,52
TXN,26,26,52
VVO,26,26,52
WMI,26,26,52
ZAD,26,26,52
BZV,25,26,51
GCM,25,26,51
GSO,25,26,51
LPB,26,25,51
PSP,26,25,51
BEN,25,25,50
DSN,25,25,50
ONT,24,26,50
SUF,25,25,50
VTE,25,25,50
EXT,25,24,49
OME,25,24,49
AWZ,24,24,48
HIR,25,23,48
HMO,25,23,48
JHG,24,24,48
LBV,24,24,48
MPL,24,24,48
MYY,24,24,48
PAP,24,24,48
SKP,24,24,48
VVI,24,24,48
XNA,24,24,48
YIH,24,24,48
YRT,25,23,48
ELP,24,23,47
PDL,23,24,47
BGI,23,23,46
BWN,23,23,46
FDF,23,23,46
FMM,23,23,46
HPN,23,23,46
MVD,23,23,46
SAP,23,23,46
SAV,23,23,46
UFA,23,23,46
LIR,24,21,45
OTZ,22,23,45
TJM,22,23,45
ADE,23,21,44
BDS,22,22,44
CAK,22,22,44
DRS,22,22,44
FNA,22,22,44
IEV,22,22,44
KTN,22,22,44
MRV,22,22,44
GYN,21,22,43
MIG,22,21,43
XRY,22,21,43
YYT,22,21,43
BDO,21,21,42
BHD,21,21,42
CLJ,21,21,42
DUR,21,21,42
DYG,21,21,42
FLN,21,21,42
GSE,21,21,42
LIH,21,21,42
MDC,21,21,42
PIK,21,21,42
PNS,21,21,42
POZ,21,21,42
PRN,21,21,42
SCO,21,21,42
AAL,20,21,41
BOI,21,20,41
JRO,20,21,41
KOA,20,21,41
LFW,20,21,41
ULN,21,20,41
BHY,20,20,40
BTS,20,20,40
CEK,20,20,40
CLY,20,20,40
FAT,20,20,40
FKB,20,20,40
GOA,20,20,40
ICT,20,20,40
IFN,20,20,40
JIB,23,17,40
JNU,20,20,40
LEX,20,20,40
MHT,20,20,40
MJV,20,20,40
RUN,19,21,40
XUZ,20,20,40
MDT,20,19,39
PMV,20,19,39
REU,19,20,39
BND,19,19,38
BOH,19,19,38
GRZ,19,19,38
KUN,19,19,38
NSI,17,21,38
RAO,19,19,38
SDR,19,19,38
TNG,19,19,38
WDH,19,19,38
YZV,19,19,38
ZHA,19,19,38
ODS,18,19,37
UVF,19,18,37
WIL,19,18,37
ASU,18,18,36
BUR,18,18,36
CKY,18,18,36
FEZ,18,18,36
GCI,18,18,36
GOJ,18,18,36
HLD,18,18,36
HSV,18,18,36
JAN,18,18,36
JHB,18,18,36
KLO,18,18,36
KOJ,18,18,36
LEI,18,18,36
LGB,18,18,36
LKO,18,18,36
LYI,18,18,36
NDR,18,18,36
NTG,18,18,36
PKU,18,18,36
PNR,18,18,36
TGU,18,18,36
USM,18,18,36
VTZ,18,18,36
YFB,18,18,36
YIW,18,18,36
YTY,18,18,36
BOO,18,17,35
CID,17,18,35
DJJ,17,18,35
DOM,17,18,35
PGD,18,17,35
SID,20,15,35
ADA,17,17,34
BES,17,17,34
CAE,17,17,34
CGR,17,17,34
CJB,17,17,34
HIJ,17,17,34
JAI,17,17,34
KMQ,17,17,34
LGK,17,17,34
LWO,17,17,34
MPM,17,17,34
MSN,17,17,34
NGS,17,17,34
NIM,17,17,34
OMS,17,17,34
OVD,17,17,34
RAI,17,17,34
SRG,17,17,34
YNZ,17,17,34
YXL,18,16,34
CUU,16,17,33
EYW,16,17,33
ISP,17,16,33
KIH,16,17,33
MDL,17,16,33
UUS,16,17,33
YQR,16,17,33
ZTH,16,17,33
CGP,16,16,32
CHA,16,16,32
CIH,16,16,32
CUL,16,16,32
CZL,16,16,32
CZM,16,16,32
FWA,16,16,32
IDR,16,16,32
IXB,16,16,32
JDZ,16,16,32
JZH,16,16,32
KBV,16,16,32
KIJ,16,16,32
LOP,16,16,32
LYG,16,16,32
MMX,16,16,32
NAT,16,16,32
NUX,16,16,32
ROB,16,16,32
SJJ,16,16,32
TGD,16,16,32
TSV,16,16,32
VER,16,16,32
VIX,16,16,32
IXE,15,16,31
JTR,15,16,31
MIR,15,16,31
SLZ,16,15,31
ASB,15,15,30
BDA,15,15,30
CIF,15,15,30
DOK,15,15,30
DZA,15,15,30
FPO,15,15,30
GEG,15,15,30
KGD,15,15,30
MID,15,15,30
MLI,15,15,30
MZT,15,15,30
NAG,15,15,30
NOC,15,15,30
PIA,15,15,30
PUY,15,15,30
ROA,15,15,30
TBZ,15,15,30
TLH,15,15,30
UDI,15,15,30
WUS,15,15,30
YLW,15,15,30
YXE,15,15,30
YYR,15,15,30
ZYI,15,15,30
AHB,15,14,29
BDJ,15,14,29
BJX,14,15,29
GND,14,15,29
MGA,15,14,29
NSK,15,14,29
POP,16,13,29
SXR,14,15,29
AMQ,14,14,28
BGW,14,14,28
BIQ,14,14,28
BVC,12,16,28
DNK,14,14,28
DVO,14,14,28
ECN,14,14,28
FAR,14,14,28
FSC,14,14,28
HYN,14,14,28
ISG,14,14,28
KBR,14,14,28
LZH,14,14,28
MAR,14,14,28
MHH,14,14,28
NJC,14,14,28
RTB,15,13,28
SEN,14,14,28
SGC,14,14,28
SGF,14,14,28
SSG,14,14,28
TTN,14,14,28
UET,14,14,28
YNJ,14,14,28
YTZ,14,14,28
BJM,13,14,27
BTV,13,14,27
COS,13,14,27
EUG,14,13,27
PLM,14,13,27
RAR,14,13,27
STM,14,13,27
TLC,13,14,27
YQT,13,14,27
ABE,13,13,26
AES,13,13,26
AJU,13,13,26
BJL,13,13,26
CBR,13,13,26
CHO,13,13,26
COR,13,13,26
CRK,13,13,26
FDH,13,13,26
FNT,14,12,26
FSD,13,13,26
HSN,13,13,26
ILM,13,13,26
ISA,13,13,26
JMK,13,13,26
KHG,13,13,26
KOW,13,13,26
LPQ,13,13,26
LZO,13,13,26
MBA,14,12,26
MCZ,13,13,26
NOU,13,13,26
OKJ,13,13,26
RNS,13,13,26
SEZ,13,13,26
SRQ,13,13,26
TGO,13,13,26
TIF,13,13,26
TSR,13,13,26
VSA,13,13,26
XFN,13,13,26
YYJ,13,13,26
ANI,12,13,25
ELQ,12,13,25
LLW,12,13,25
PAT,12,13,25
PLU,13,12,25
RAB,13,12,25
YMM,12,13,25
YWK,13,12,25
ASP,11,13,24
AVL,12,12,24
BIL,12,12,24
BME,12,12,24
BMI,12,12,24
BOJ,12,12,24
BRN,12,12,24
CJS,12,12,24
CTG,12,12,24
EIS,12,12,24
GNV,12,12,24
HAU,12,12,24
HIA,12,12,24
IAS,12,12,24
IGU,12,12,24
IXJ,12,12,24
JUB,12,12,24
LCG,12,12,24
MGQ,10,14,24
MRA,12,12,24
MUX,12,12,24
MYJ,12,12,24
NMA,12,12,24
TMP,12,12,24
UKB,12,12,24
UYN,12,12,24
VRA,13,11,24
WXN,12,12,24
ZNZ,11,13,24
LDB,11,12,23
LNZ,12,11,23
NKC,12,11,23
SKT,11,12,23
SUV,12,11,23
ADZ,11,11,22
ANF,11,11,22
BLA,11,11,22
CEI,11,11,22
CUZ,11,11,22
DAT,11,11,22
EGC,11,11,22
EGO,11,11,22
EOH,11,11,22
FMO,11,11,22
FUG,11,11,22
HGU,10,12,22
HTA,11,11,22
IOM,11,11,22
IXZ,11,11,22
JPA,11,11,22
KMI,11,11,22
KOI,11,11,22
KRS,11,11,22
LAE,11,11,22
LIG,11,11,22
MAB,12,10,22
MLH,11,11,22
NZH,11,11,22
PAD,11,11,22
PVK,11,11,22
PZO,11,11,22
RBA,11,11,22
RIY,12,10,22
RPR,12,10,22
RZE,11,11,22
SBN,11,11,22
SKB,11,11,22
SON,11,11,22
SPR,11,11,22
STI,11,11,22
TER,10,12,22
THE,11,11,22
TIV,11,11,22
TRS,11,11,22
UUD,11,11,22
VGO,11,11,22
ZAH,11,11,22
BPS,11,10,21
CIT,10,11,21
CRW,6,15,21
INV,11,10,21
IXR,11,10,21
KOE,10,11,21
MDZ,10,11,21
NJF,11,10,21
SBH,11,10,21
SLU,11,10,21
VPS,10,11,21
ACY,10,10,20
ALF,10,10,20
AOI,10,10,20
AQP,10,10,20
BAQ,10,10,20
BLI,10,10,20
CCF,10,10,20
FBM,10,10,20
FSZ,10,10,20
GUW,10,10,20
HAH,10,10,20
HKD,10,10,20
HMI,10,10,20
HOG,11,9,20
ILO,10,10,20
ISU,10,10,20
JMU,10,10,20
JNG,10,10,20
KLX,10,10,20
KRL,10,10,20
LAP,10,10,20
LRH,10,10,20
LRM,10,10,20
LXR,10,10,20
MDG,10,10,20
MGF,10,10,20
MJT,10,10,20
MLM,10,10,20
MRY,10,10,20
NLA,10,10,20
NWI,10,10,20
OUD,10,10,20
PBM,10,10,20
PMC,10,10,20
PWM,2,18,20
RAS,10,10,20
SFA,10,10,20
SPN,10,10,20
TRC,10,10,20
TZX,10,10,20
UNK,8,12,20
VLN,10,10,20
VNS,10,10,20
VOG,10,10,20
YBP,10,10,20
YQM,10,10,20
YXS,10,10,20
AMA,10,9,19
AVP,9,10,19
CBB,8,11,19
HRK,10,9,19
IQQ,9,10,19
LBB,10,9,19
MST,10,9,19
NDJ,9,10,19
ROR,10,9,19
YNB,9,10,19
YVP,10,9,19
AAE,9,9,18
AGU,9,9,18
APL,9,9,18
ARH,9,9,18
ATQ,9,9,18
ATW,9,9,18
BLK,9,9,18
BON,10,8,18
BZR,9,9,18
CFE,9,9,18
CJJ,9,9,18
DAX,9,9,18
DSA,9,9,18
EVE,9,9,18
EVV,9,9,18
FMN,9,9,18
GBE,9,9,18
GGT,10,8,18
GOH,9,9,18
GPT,9,9,18
GRX,9,9,18
GZT,9,9,18
HBA,9,9,18
HMB,9,9,18
HTY,9,9,18
IMF,9,9,18
IOS,9,9,18
IXC,9,9,18
JGS,9,9,18
KMJ,9,9,18
LYA,9,9,18
MFR,9,9,18
MOB,9,9,18
OIT,9,9,18
PAC,10,8,18
PHF,9,9,18
PLZ,9,9,18
PPS,9,9,18
PSR,9,9,18
PVH,9,9,18
SBW,9,9,18
SCN,9,9,18
SCW,9,9,18
SMI,9,9,18
SNU,9,9,18
STX,9,9,18
TOY,9,9,18
TRZ,9,9,18
TUU,9,9,18
VAR,9,9,18
ZIH,9,9,18
ACA,8,9,17
ADQ,11,6,17
BBI,9,8,17
GEA,8,9,17
LGG,9,8,17
MAF,8,9,17
MJZ,9,8,17
NEV,8,9,17
TZA,9,8,17
ZQN,7,10,17
AAR,8,8,16
ASF,8,8,16
AXT,8,8,16
BFJ,8,8,16
BGR,8,8,16
BSR,8,8,16
BTR,8,8,16
BZN,8,8,16
CGD,8,8,16
CIY,8,8,16
ELH,8,8,16
FAY,8,8,16
GEO,8,8,16
GJT,8,8,16
GRB,8,8,16
GSM,8,8,16
GWT,8,8,16
GYS,8,8,16
HEH,7,9,16
HFT,7,9,16
HMA,8,8,16
INN,8,8,16
IXA,8,8,16
IXM,8,8,16
KNX,8,8,16
KUT,8,8,16
LAN,8,8,16
LST,8,8,16
MAG,8,8,16
NDG,8,8,16
NNY,8,8,16
NTL,8,8,16
NYM,8,8,16
PHC,8,8,16
PHE,8,8,16
PIR,8,8,16
POL,8,8,16
PSC,8,8,16
QSF,8,8,16
RAP,8,8,16
RDM,8,8,16
REX,8,8,16
SBA,8,8,16
SFJ,8,8,16
SHV,8,8,16
SJP,8,8,16
SLP,8,8,16
SLY,8,8,16
SOC,8,8,16
SOQ,8,8,16
SPC,8,8,16
TAK,8,8,16
TDD,8,8,16
TGZ,8,8,16
TJA,8,8,16
TKU,8,8,16
TTE,8,8,16
UKK,8,8,16
UME,8,8,16
VBY,8,8,16
VOZ,8,8,16
VVC,8,8,16
WUA,8,8,16
YEV,8,8,16
YGJ,8,8,16
YRL,7,9,16
YYQ,8,8,16
YYY,8,8,16
ZAZ,8,8,16
ASM,7,8,15
ASR,7,8,15
BBO,7,8,15
HGA,7,8,15
HRL,7,8,15
KSU,7,8,15
LCE,8,7,15
PLW,8,7,15
REN,8,7,15
SKD,8,7,15
UGC,7,8,15
VXO,7,8,15
YDF,7,8,15
AGS,7,7,14
AKJ,7,7,14
AKN,7,7,14
AKX,7,7,14
AQG,7,7,14
AZD,7,7,14
BEW,7,7,14
BHO,6,8,14
BMV,7,7,14
BRC,7,7,14
BTU,7,7,14
CAY,7,7,14
CCC,6,8,14
CEE,7,7,14
CGY,7,7,14
CRD,6,8,14
CXR,7,7,14
DGA,7,7,14
DIG,7,7,14
DIY,7,7,14
DLU,7,7,14
DNH,7,7,14
ECP,7,7,14
FEG,7,7,14
GAL,7,7,14
GTF,7,7,14
HLH,7,7,14
HTI,7,7,14
IMP,7,7,14
IQT,7,7,14
IXS,7,7,14
JGN,7,7,14
JIQ,7,7,14
JUH,7,7,14
KAN,7,7,14
KGF,7,7,14
KLU,7,7,14
KTA,7,7,14
LSC,7,7,14
LVI,7,7,14
MGM,7,7,14
MKW,7,7,14
MKY,7,7,14
MMK,7,7,14
MOL,7,7,14
MSO,7,7,14
MUB,7,7,14
NBC,7,7,14
NVT,7,7,14
OAJ,7,7,14
OXB,7,7,14
PBC,7,7,14
PBG,7,7,14
PDG,7,7,14
PGK,7,7,14
PIS,7,7,14
PKN,7,7,14
PMW,7,7,14
QRO,7,7,14
RJK,7,7,14
ROS,7,7,14
SHP,7,7,14
SIP,7,7,14
SLL,7,7,14
SRZ,7,7,14
SZZ,7,7,14
TAI,7,7,14
TAM,7,7,14
TET,7,7,14
TGG,7,7,14
TRI,7,7,14
TRK,7,7,14
TWU,7,7,14
UDR,7,7,14
VDS,7,7,14
VFA,7,7,14
VII,7,7,14
WEF,7,7,14
XIL,7,7,14
YEK,7,7,14
YGW,7,7,14
YQQ,7,7,14
YVO,7,7,14
ZCL,7,7,14
ZLO,7,7,14
AOK,6,7,13
BHK,6,7,13
BRW,7,6,13
CJC,6,7,13
EFL,6,7,13
FYU,6,7,13
GRQ,6,7,13
HRI,7,6,13
JUL,7,6,13
KKN,7,6,13
NYU,7,6,13
PLJ,7,6,13
PUQ,7,6,13
TJU,7,6,13
TMM,7,6,13
YTH,6,7,13
ABD,6,6,12
ACK,6,6,12
ACX,6,6,12
AEX,6,6,12
AJL,6,6,12
ALS,6,6,12
ATZ,6,6,12
AXA,6,6,12
AZO,6,6,12
AZS,6,6,12
BCD,6,6,12
BFL,6,6,12
BIS,6,6,12
BJA,6,6,12
BOB,7,5,12
BRA,6,6,12
BUS,6,6,12
CUK,6,6,12
CYS,6,6,12
DIB,6,6,12
DJB,6,6,12
DOY,6,6,12
ELM,6,6,12
ERF,6,6,12
EZS,6,6,12
GBT,6,6,12
GDX,6,6,12
GEV,6,6,12
GIB,6,6,12
GIZ,6,6,12
GRK,6,6,12
GZP,6,6,12
HDG,6,6,12
HDY,6,6,12
HEA,6,6,12
HKN,6,6,12
HME,6,6,12
HOR,6,6,12
HTN,6,6,12
ILG,6,6,12
IQN,6,6,12
IXL,6,6,12
JDH,6,6,12
JIC,6,6,12
JIU,6,6,12
JKH,6,6,12
JKL,6,6,12
JUZ,6,6,12
JXA,6,6,12
KIR,6,6,12
KSH,6,6,12
KVA,6,6,12
LET,6,6,12
LFT,6,6,12
LLA,6,6,12
LRR,6,6,12
LRS,6,6,12
LUM,6,6,12
LUZ,6,6,12
MCG,6,6,12
MFE,6,6,12
MLU,6,6,12
MMB,6,6,12
MQL,6,6,12
MUR,6,6,12
MWX,6,6,12
MWZ,6,6,12
MZV,6,6,12
NAO,6,6,12
NKM,6,6,12
NQN,6,6,12
NQY,6,6,12
NVI,6,6,12
OAX,6,6,12
PAZ,6,6,12
PCL,6,6,12
PEE,6,6,12
PEI,6,6,12
PGA,6,6,12
PKC,6,6,12
PNK,6,6,12
PQQ,6,6,12
REG,6,6,12
RMF,6,6,12
SAF,6,6,12
SDK,6,6,12
SLA,6,6,12
SOW,6,6,12
SRE,6,6,12
SRY,6,6,12
STS,6,6,12
SWF,6,6,12
TAE,6,6,12
TLM,6,6,12
TPP,6,6,12
TVS,6,6,12
UIB,6,6,12
ULK,6,6,12
UTH,6,6,12
VDC,6,6,12
VPE,6,6,12
VQS,6,6,12
VXE,5,7,12
WBB,7,5,12
WJR,5,7,12
WWK,6,6,12
YBC,6,6,12
YBK,6,6,12
YBL,6,6,12
YCB,6,6,12
YCS,6,6,12
YIC,6,6,12
YKQ,6,6,12
YNA,6,6,12
YVQ,6,6,12
YXJ,6,6,12
YXU,6,6,12
ZAM,6,6,12
ZBR,6,6,12
ZGS,6,6,12
AKU,6,5,11
APW,5,6,11
AZR,6,5,11
BHV,5,6,11
BVE,5,6,11
CCP,6,5,11
ENY,5,6,11
GUR,6,5,11
KSC,6,5,11
OGX,5,6,11
REL,6,5,11
RGI,5,6,11
RGL,6,5,11
SCC,5,6,11
SCU,5,6,11
SKK,6,5,11
SKZ,6,5,11
TKG,5,6,11
TUK,6,5,11
YSB,6,5,11
YTS,5,6,11
YXN,5,6,11
YZS,6,5,11
ZQW,5,6,11
AOJ,5,5,10
AOR,5,5,10
BCV,5,5,10
BDQ,5,5,10
BGA,5,5,10
BKS,5,5,10
BLZ,5,5,10
BNK,5,5,10
BNN,5,5,10
BQS,5,5,10
BRM,5,5,10
BTJ,5,5,10
BUZ,5,5,10
CDB,5,5,10
CEN,5,5,10
CGA,5,5,10
CNJ,5,5,10
CRP,5,5,10
CUF,5,5,10
CWA,5,5,10
DAB,5,5,10
DDC,6,4,10
DDG,5,5,10
DED,5,5,10
DGO,5,5,10
DIE,5,5,10
DLI,5,5,10
DQA,5,5,10
DRO,5,5,10
DUD,4,6,10
EBA,5,5,10
EBU,5,5,10
ELS,5,5,10
ERZ,5,5,10
ETH,5,5,10
ETZ,5,5,10
EWN,5,5,10
FCA,5,5,10
FNJ,5,5,10
FSM,5,5,10
GES,5,5,10
GFK,5,5,10
GHB,4,6,10
GKA,5,5,10
GNY,5,5,10
GOV,4,6,10
GRJ,5,5,10
GXF,5,5,10
HAD,6,4,10
HAS,5,5,10
HDF,5,5,10
HTS,5,5,10
HUY,5,5,10
HYL,5,5,10
IAG,5,5,10
IBR,5,5,10
IXU,5,5,10
JAV,5,5,10
JDO,5,5,10
JJU,5,5,10
JNZ,5,5,10
JOI,5,5,10
JSH,5,5,10
KDH,5,5,10
KGI,5,5,10
KKA,5,5,10
KLV,5,5,10
KNH,5,5,10
KSM,5,5,10
KSQ,5,5,10
KUA,5,5,10
KUH,5,5,10
KUS,5,5,10
LBL,6,4,10
LDE,5,5,10
LDY,5,5,10
LMM,5,5,10
LSI,5,5,10
LXS,5,5,10
LZY,5,5,10
MAS,5,5,10
MBS,5,5,10
MCY,5,5,10
MEH,5,5,10
MLB,5,5,10
MLN,5,5,10
MMY,5,5,10
MOT,5,5,10
MQM,5,5,10
MXZ,5,5,10
MYD,5,5,10
MZG,5,5,10
NBS,5,5,10
NOJ,5,5,10
NUS,5,5,10
OVS,5,5,10
PBH,5,5,10
PEG,5,5,10
PFB,5,5,10
PGF,5,5,10
PGU,5,5,10
PKZ,5,5,10
PMR,5,5,10
PNP,5,5,10
PNZ,5,5,10
PQC,5,5,10
PUF,5,5,10
PYJ,5,5,10
PZU,5,5,10
RBR,5,5,10
RFD,5,5,10
RKV,5,5,10
RLG,5,5,10
RLK,5,5,10
ROK,5,5,10
RTW,5,5,10
SCE,5,5,10
SDL,5,5,10
SYY,5,5,10
TAC,5,5,10
TAH,5,5,10
TBU,5,5,10
TCZ,5,5,10
TEN,5,5,10
TFF,5,5,10
TOF,5,5,10
TOL,5,5,10
TUF,5,5,10
TVC,5,5,10
UAK,5,5,10
USH,4,6,10
VAA,5,5,10
VAN,5,5,10
VOL,5,5,10
XAP,5,5,10
XIC,5,5,10
YCO,5,5,10
YGT,5,5,10
YKA,5,5,10
YQD,5,5,10
YUY,5,5,10
YWL,5,5,10
YXT,5,5,10
YXY,5,5,10
ZYL,4,6,10
ARI,5,4,9
BTT,5,4,9
ELI,5,4,9
FRO,5,4,9
GZO,4,5,9
HLN,5,4,9
HOD,5,4,9
KQT,4,5,9
KVD,4,5,9
KWN,4,5,9
MJF,5,4,9
MQN,4,5,9
RBY,4,5,9
RFP,4,5,9
SBZ,5,4,9
SSJ,4,5,9
SVD,4,5,9
TAB,4,5,9
TAL,4,5,9
THL,5,4,9
TOB,4,5,9
UNG,5,4,9
WAA,4,5,9
XQP,4,5,9
YFO,4,5,9
YHK,4,5,9
YTL,4,5,9
ABA,4,4,8
ABL,4,4,8
ABX,4,4,8
ABY,4,4,8
AGT,4,4,8
APO,4,4,8
ART,4,4,8
ASW,4,4,8
AUQ,4,4,8
AUX,4,4,8
AVA,4,4,8
AYQ,4,4,8
AZI,4,4,8
BBA,4,4,8
BBK,4,4,8
BFN,4,4,8
BGM,4,4,8
BHI,4,4,8
BHQ,4,4,8
BIK,4,4,8
BJF,5,3,8
BKC,4,4,8
BKG,4,4,8
BLJ,4,4,8
BQN,4,4,8
BSA,4,4,8
BSK,4,4,8
BTK,4,4,8
BUA,4,4,8
BUQ,4,4,8
BVG,4,4,8
BXU,4,4,8
BYC,4,4,8
CFR,4,4,8
CFS,4,4,8
CKS,4,4,8
CMI,4,4,8
COQ,4,4,8
COU,4,4,8
CPO,4,4,8
CTL,4,4,8
CUC,4,4,8
CXI,4,4,8
DAU,4,4,8
DCY,4,4,8
DGT,4,4,8
DIL,4,4,8
DLH,4,4,8
DPL,4,4,8
DRG,4,4,8
ENE,4,4,8
ENH,4,4,8
ERI,4,4,8
EUN,4,4,8
EYK,4,4,8
FAE,4,4,8
FKS,4,4,8
FLW,4,4,8
FNI,4,4,8
FTE,4,4,8
FUJ,4,4,8
GAM,4,4,8
GDT,4,4,8
GHA,4,4,8
GLK,4,4,8
GLT,4,4,8
GLV,4,4,8
GRI,4,4,8
GTE,4,4,8
GTO,4,4,8
HHH,4,4,8
HLA,4,4,8
HLZ,4,4,8
HNA,4,4,8
HOV,4,4,8
HPH,4,4,8
HSL,5,3,8
HUH,4,4,8
HUI,4,4,8
HUN,4,4,8
IAN,4,4,8
IDA,4,4,8
IGM,4,4,8
IGR,4,4,8
IJK,4,4,8
ITH,4,4,8
ITO,4,4,8
JGD,4,4,8
JTY,4,4,8
KCZ,4,4,8
KDI,4,4,8
KER,4,4,8
KIT,4,4,8
KLG,4,4,8
KMS,4,4,8
KRF,4,4,8
KSJ,4,4,8
KTB,4,4,8
KTS,4,4,8
KVG,4,4,8
KWJ,4,4,8
KZO,4,4,8
LAU,4,4,8
LBC,4,4,8
LBJ,4,4,8
LBU,4,4,8
LGP,4,4,8
LNV,3,5,8
LRD,4,4,8
LSP,4,4,8
LWS,4,4,8
LYC,4,4,8
MAJ,4,4,8
MCX,4,4,8
MEA,4,4,8
MHK,4,4,8
MHQ,4,4,8
MLX,4,4,8
MPH,4,4,8
MQP,4,4,8
MSA,4,4,8
MUA,4,4,8
MUN,4,4,8
MVY,4,4,8
MXL,4,4,8
MYT,4,4,8
MZR,4,4,8
NCU,4,4,8
NDB,4,4,8
NHV,4,4,8
NNM,4,4,8
NOS,4,4,8
NSN,4,4,8
NYA,4,4,8
NYK,4,4,8
ORV,4,4,8
OSI,4,4,8
OSR,4,4,8
OUL,4,4,8
OZC,4,4,8
PHO,4,4,8
PIX,4,4,8
PJM,4,4,8
PMF,4,4,8
PUU,4,4,8
PZI,4,4,8
RDZ,4,4,8
RIA,4,4,8
RSH,4,4,8
RST,4,4,8
SBP,4,4,8
SBY,4,4,8
SCY,4,4,8
SFG,4,4,8
SMK,4,4,8
SMR,4,4,8
SOG,4,4,8
SQS,4,4,8
STD,4,4,8
STW,4,4,8
SVA,4,4,8
TBG,4,4,8
TIM,4,4,8
TJQ,4,4,8
TMR,4,4,8
TNO,4,4,8
TWB,4,4,8
UBA,4,4,8
UCT,4,4,8
URT,4,4,8
UUA,4,4,8
VAS,4,4,8
VHM,4,4,8
VIJ,4,4,8
VNX,4,4,8
WMN,4,4,8
WMO,4,4,8
XBE,4,4,8
YAM,4,4,8
YBG,4,4,8
YCY,4,4,8
YDP,4,4,8
YFC,4,4,8
YHM,4,4,8
YHO,4,4,8
YHR,4,4,8
YHU,4,4,8
YIF,4,4,8
YIN,4,4,8
YKL,4,4,8
YKU,4,4,8
YMN,4,4,8
YNG,4,4,8
YNP,4,4,8
YPX,4,4,8
YQU,4,4,8
YQZ,4,4,8
YSM,4,4,8
YSO,4,4,8
YUT,3,5,8
YUX,4,4,8
YXC,4,4,8
YXP,4,4,8
YYD,4,4,8
YYG,4,4,8
YYH,4,4,8
ZSA,4,4,8
AKP,3,4,7
ANX,3,4,7
ATM,4,3,7
CAW,4,3,7
CCV,3,4,7
DMB,4,3,7
EDL,3,4,7
EGM,4,3,7
EMK,4,3,7
FKQ,3,4,7
GLF,3,4,7
HNS,4,3,7
JIK,3,4,7
KOT,3,4,7
KWK,4,3,7
KYA,3,4,7
LNY,4,3,7
LRE,2,5,7
MKK,3,4,7
MOZ,4,3,7
MRE,3,4,7
PET,4,3,7
SGY,3,4,7
SKN,4,3,7
TGM,5,2,7
TMS,3,4,7
TMU,3,4,7
UAS,3,4,7
VLL,4,3,7
YHD,4,3,7
YPH,3,4,7
YPM,5,2,7
YVB,3,4,7
AAQ,3,3,6
ABT,3,3,6
ACV,3,3,6
ADU,3,3,6
AEB,3,3,6
AGH,3,3,6
AIA,3,3,6
AKF,3,3,6
AKI,3,3,6
AKY,3,3,6
ALH,3,3,6
ANM,3,3,6
ANV,3,3,6
AOG,3,3,6
ATC,3,3,6
ATY,3,3,6
AXD,3,3,6
AZN,3,3,6
BAL,3,3,6
BAX,3,3,6
BEJ,3,3,6
BGF,3,3,6
BHE,3,3,6
BHH,3,3,6
BMU,3,3,6
BNX,3,3,6
BPX,3,3,6
BQB,3,3,6
BQK,3,3,6
BRO,3,3,6
BVB,3,3,6
BWT,3,3,6
BZG,3,3,6
CAC,3,3,6
CAP,3,3,6
CBO,3,3,6
CDR,3,3,6
CDV,3,3,6
CFB,3,3,6
CHG,3,3,6
CLL,3,3,6
CLQ,3,3,6
CME,3,3,6
CMW,3,3,6
CPR,3,3,6
CSG,3,3,6
CUE,3,3,6
CXB,3,3,6
CXJ,3,3,6
CYF,3,3,6
CZH,3,3,6
DBO,3,3,6
DCM,3,3,6
DHN,3,3,6
DIR,3,3,6
DLE,3,3,6
DLG,3,3,6
DMD,3,3,6
DNR,3,3,6
DOU,3,3,6
DRK,3,3,6
DUT,3,3,6
EAM,3,3,6
EAS,3,3,6
EEK,3,3,6
ENA,3,3,6
ENU,3,3,6
EQS,3,3,6
ERC,3,3,6
ERS,3,3,6
ESM,3,3,6
ESU,3,3,6
FEN,3,3,6
FON,3,3,6
FRS,3,3,6
FSP,3,3,6
GAJ,3,3,6
GAN,3,3,6
GCC,3,3,6
GET,3,3,6
GIU,3,3,6
GOM,3,3,6
GPA,3,3,6
GST,3,3,6
GTR,3,3,6
GWD,3,3,6
HCR,3,3,6
HEK,3,3,6
HIN,3,3,6
HJJ,3,3,6
HNH,3,3,6
HOF,3,3,6
HON,3,3,6
HUX,3,3,6
HZH,3,3,6
IBE,3,3,6
INB,2,4,6
INH,3,3,6
INU,3,3,6
IPA,3,3,6
IPN,3,3,6
IRA,3,3,6
ISC,3,3,6
JBQ,3,3,6
JCB,3,3,6
JEG,3,3,6
JHS,3,3,6
JIJ,3,3,6
JLR,3,3,6
JNN,3,3,6
JSR,3,3,6
JTC,3,3,6
JUV,3,3,6
KAL,3,3,6
KCM,3,3,6
KEJ,3,3,6
KGA,3,3,6
KGX,3,3,6
KKH,3,3,6
KKI,3,3,6
KKJ,3,3,6
KLR,3,3,6
KLW,3,3,6
KOK,3,3,6
KPN,3,3,6
KPO,3,3,6
KRN,3,3,6
KSN,3,3,6
KSY,3,3,6
KVL,3,3,6
KVX,3,3,6
KWA,3,3,6
KWT,3,3,6
LAQ,3,3,6
LBE,3,3,6
LCH,3,3,6
LDH,3,3,6
LEA,3,3,6
LFM,3,3,6
LIF,3,3,6
LKN,3,3,6
LLF,3,3,6
LLI,3,3,6
LMP,3,3,6
LNE,3,3,6
LNK,3,3,6
LPP,3,3,6
LSE,3,3,6
LUK,3,3,6
LUV,3,3,6
LWY,3,3,6
LYR,3,3,6
MAU,3,3,6
MCP,3,3,6
MDQ,3,3,6
MIM,3,3,6
MJN,3,3,6
MKQ,3,3,6
MLG,3,3,6
MME,3,3,6
MNG,3,3,6
MOC,3,3,6
MOV,3,3,6
MQT,3,3,6
MQX,3,3,6
MSR,3,3,6
MTM,3,3,6
MTR,3,3,6
MTV,3,3,6
MVP,3,3,6
MXH,3,3,6
NAQ,3,3,6
NBX,3,3,6
NER,3,3,6
NOV,3,3,6
NPE,3,3,6
NPL,3,3,6
NRL,4,2,6
NUL,3,3,6
OBO,3,3,6
OBU,4,2,6
OCC,3,3,6
OHE,3,3,6
OMH,3,3,6
ONG,3,3,6
OOK,3,3,6
OPS,3,3,6
ORU,4,2,6
OSD,3,3,6
OSY,3,3,6
OUZ,3,3,6
PBO,3,3,6
PCR,3,3,6
PDA,3,3,6
PDP,3,3,6
PEM,3,3,6
PHS,3,3,6
PKY,3,3,6
PLQ,3,3,6
PLX,3,3,6
PMZ,3,3,6
PNI,3,3,6
PNL,3,3,6
POR,3,3,6
PPP,3,3,6
PPW,3,3,6
PQS,3,3,6
PSO,3,3,6
PVU,3,3,6
PWQ,3,3,6
PXM,3,3,6
PXO,3,3,6
PXU,3,3,6
RAJ,3,3,6
RJA,3,3,6
RKS,3,3,6
RMA,3,3,6
RMI,3,3,6
RNB,3,3,6
ROT,3,3,6
RSU,3,3,6
RVK,3,3,6
RXS,3,3,6
RYK,3,3,6
SDD,3,3,6
SDV,3,3,6
SFT,3,3,6
SHG,2,4,6
SHH,3,3,6
SHX,3,3,6
SIT,3,3,6
SJK,3,3,6
SKU,3,3,6
SLH,3,3,6
SMA,3,3,6
SMS,3,3,6
SNP,3,3,6
SPP,3,3,6
SRP,3,3,6
STG,3,3,6
STV,3,3,6
SUG,3,3,6
SVB,3,3,6
SVJ,3,3,6
SVU,3,3,6
SYM,3,3,6
SZA,3,3,6
TAG,3,3,6
TIZ,3,3,6
TLA,3,3,6
TLE,3,3,6
TLN,3,3,6
TLT,3,3,6
TMC,3,3,6
TML,3,3,6
TNJ,3,3,6
TOE,2,4,6
TOH,3,3,6
TPQ,3,3,6
TRG,3,3,6
TRW,3,3,6
TSJ,3,3,6
TUG,3,3,6
TVU,3,3,6
TYR,3,3,6
UAH,3,3,6
UAP,3,3,6
UBJ,3,3,6
UBP,3,3,6
UEL,3,3,6
UIH,3,3,6
UKA,3,3,6
URA,3,3,6
URJ,3,3,6
USN,3,3,6
USU,3,3,6
VAI,3,3,6
VAW,3,3,6
VCA,3,3,6
VDE,3,3,6
VGA,3,3,6
VIG,3,3,6
VIL,3,3,6
VLD,3,3,6
VST,3,3,6
WGA,3,3,6
WLS,3,3,6
WRL,3,3,6
WUZ,3,3,6
WVB,3,3,6
XMH,3,3,6
YAY,3,3,6
YBX,3,3,6
YFH,3,3,6
YGL,3,3,6
YGR,3,3,6
YGV,3,3,6
YHI,3,3,6
YHY,3,3,6
YIO,3,3,6
YKF,3,3,6
YKG,3,3,6
YMO,3,3,6
YMT,3,3,6
YPJ,3,3,6
YQF,3,3,6
YQG,3,3,6
YQK,3,3,6
YQX,3,3,6
YSJ,3,3,6
YSK,3,3,6
YTE,3,3,6
YUD,3,3,6
YUM,3,3,6
YYE,3,3,6
YZY,3,3,6
ZAT,3,3,6
ZCO,3,3,6
ZEL,3,3,6
ZGU,3,3,6
ZSE,3,3,6
ZSJ,3,3,6
ZVK,3,3,6
AET,3,2,5
AHE,2,3,5
AIT,3,2,5
BOC,2,3,5
CAB,3,2,5
CIJ,2,3,5
CKB,3,2,5
CYB,2,3,5
CYO,3,2,5
DEA,2,3,5
ELD,2,3,5
EPR,3,2,5
ERM,2,3,5
EWB,3,2,5
FDE,2,3,5
FKI,2,3,5
HSG,3,2,5
HVG,3,2,5
HYA,2,3,5
INZ,2,3,5
JNS,3,2,5
JYV,3,2,5
KEM,2,3,5
KIS,3,2,5
KNG,3,2,5
LKE,3,2,5
MDK,2,3,5
MEU,3,2,5
MOF,3,2,5
NDY,2,3,5
NLK,3,2,5
NME,3,2,5
PND,2,3,5
RUR,2,3,5
RVT,2,3,5
SOJ,2,3,5
,0,5,5
SVK,3,2,5
TIH,2,3,5
TKX,3,2,5
TNK,2,3,5
TUB,3,2,5
TZL,2,3,5
ULB,3,2,5
WNN,3,2,5
WTK,3,2,5
YAG,2,3,5
YAX,2,3,5
YER,3,2,5
ZRJ,2,3,5
AAN,2,2,4
AAT,2,2,4
ABB,2,2,4
ABI,2,2,4
ACH,2,2,4
ACI,2,2,4
ACR,2,2,4
ACT,2,2,4
ADF,2,2,4
AFA,2,2,4
AGF,2,2,4
AGM,2,2,4
AGR,2,2,4
AIN,2,2,4
AJF,2,2,4
AJI,2,2,4
AJR,2,2,4
AKV,2,2,4
ALO,2,2,4
ANR,2,2,4
AOO,2,2,4
APN,2,2,4
AQI,2,2,4
AQJ,2,2,4
ARM,2,2,4
ARU,2,2,4
ASE,2,2,4
ASJ,2,2,4
ATK,2,2,4
ATT,2,2,4
AUC,2,2,4
AUK,2,2,4
AUU,2,2,4
AVN,2,2,4
AWD,2,2,4
AXM,2,2,4
AXP,2,2,4
AXU,2,2,4
AYP,2,2,4
BAY,2,2,4
BBN,2,2,4
BDB,2,2,4
BDH,2,2,4
BEB,2,2,4
BEU,2,2,4
BFD,2,2,4
BFI,2,2,4
BGG,2,2,4
BHJ,2,2,4
BHS,2,2,4
BHU,2,2,4
BIM,2,2,4
BJZ,2,2,4
BKY,2,2,4
BLE,2,2,4
BNC,2,2,4
BNI,2,2,4
BNS,2,2,4
BNY,2,2,4
BOY,2,2,4
BPT,2,2,4
BQL,2,2,4
BRD,2,2,4
BRL,2,2,4
BSD,2,2,4
BSG,2,2,4
BSO,2,2,4
BTI,2,2,4
BUC,2,2,4
BUN,2,2,4
BUX,3,1,4
BVI,2,2,4
BYN,2,2,4
BZO,2,2,4
CBQ,2,2,4
CBT,2,2,4
CCM,2,2,4
CEC,2,2,4
CEG,2,2,4
CFC,2,2,4
CFN,2,2,4
CIK,2,2,4
CJA,2,2,4
CJL,2,2,4
CKH,2,2,4
CLV,2,2,4
CMA,2,2,4
CNP,2,2,4
COD,2,2,4
CPE,2,2,4
CPV,2,2,4
CRA,2,2,4
CRI,2,2,4
CRM,2,2,4
CSY,2,2,4
CVM,2,2,4
CVU,2,2,4
CYX,2,2,4
CZU,2,2,4
DAV,2,2,4
DBQ,2,2,4
DCN,2,2,4
DEB,2,2,4
DEC,2,2,4
DHB,2,2,4
DHM,2,2,4
DIK,2,2,4
DIU,2,2,4
DLY,2,2,4
DMU,2,2,4
DNZ,2,2,4
DOL,2,2,4
DRV,2,2,4
DSK,2,2,4
DUJ,2,2,4
DWD,2,2,4
DYR,2,2,4
DZN,2,2,4
EBJ,2,2,4
EDR,2,2,4
EGN,2,2,4
ELF,2,2,4
ELG,2,2,4
EMD,2,2,4
ERL,2,2,4
EVG,2,2,4
EYP,2,2,4
FAV,2,2,4
FBS,2,2,4
FKL,2,2,4
FLA,2,2,4
FLG,2,2,4
FLO,2,2,4
FRW,2,2,4
FTA,2,2,4
FTU,2,2,4
FUO,2,2,4
GAE,2,2,4
GCK,2,2,4
GDQ,2,2,4
GEL,2,2,4
GFF,2,2,4
GGG,2,2,4
GIS,2,2,4
GKK,2,2,4
GLN,2,2,4
GOP,2,2,4
GOQ,2,2,4
GOU,2,2,4
GPI,2,2,4
GPS,2,2,4
GXH,2,2,4
HAA,2,2,4
HAQ,2,2,4
HBX,2,2,4
HDS,2,2,4
HFA,2,2,4
HFS,2,2,4
HGR,2,2,4
HMV,2,2,4
HOM,2,2,4
HOT,2,2,4
HPB,2,2,4
HRM,2,2,4
HRO,2,2,4
HUS,2,2,4
HUU,2,2,4
HVB,2,2,4
HVN,2,2,4
IAM,2,2,4
IFO,2,2,4
IGA,2,2,4
IGD,2,2,4
IKI,2,2,4
IKS,2,2,4
IMT,2,2,4
INL,2,2,4
IOA,2,2,4
IPC,2,2,4
IPH,2,2,4
IPL,2,2,4
IPT,2,2,4
IRG,2,2,4
ISN,2,2,4
ITB,2,2,4
IVC,2,2,4
IXD,2,2,4
IZA,2,2,4
JAC,2,2,4
JAL,2,2,4
JCK,2,2,4
JFR,2,2,4
JHM,2,2,4
JHW,2,2,4
JKG,2,2,4
JLN,2,2,4
JNX,2,2,4
JPR,2,2,4
JQA,2,2,4
JSI,2,2,4
JST,2,2,4
JSU,2,2,4
JSY,2,2,4
JUJ,2,2,4
KAJ,2,2,4
KBU,2,2,4
KCA,2,2,4
KCT,2,2,4
KDM,2,2,4
KDO,2,2,4
KDV,2,2,4
KGE,2,2,4
KIF,2,2,4
KIM,2,2,4
KKC,2,2,4
KND,2,2,4
KNS,2,2,4
KOC,2,2,4
KOP,2,2,4
KOV,2,2,4
KOZ,2,2,4
KRO,2,2,4
KRY,2,2,4
KSA,2,2,4
KSD,2,2,4
KSF,2,2,4
KTE,2,2,4
KTG,2,2,4
KTT,2,2,4
KUD,2,2,4
KUK,2,2,4
KUV,2,2,4
KWM,2,2,4
KYU,2,2,4
KZS,2,2,4
LAO,2,2,4
LAW,2,2,4
LBS,2,2,4
LCK,2,2,4
LCR,2,2,4
LDS,2,2,4
LEB,2,2,4
LGI,2,2,4
LGL,2,2,4
LKH,2,2,4
LKL,1,3,4
LLK,2,2,4
LLU,2,2,4
LMT,2,2,4
LNB,2,2,4
LNJ,2,2,4
LOD,2,2,4
LOH,2,2,4
LPI,2,2,4
LPM,2,2,4
LRT,2,2,4
LTX,2,2,4
LUG,2,2,4
LUW,2,2,4
LWB,2,2,4
LYB,2,2,4
LYH,2,2,4
LYP,2,2,4
LZC,2,2,4
MAM,2,2,4
MCN,2,2,4
MEG,2,2,4
MGB,2,2,4
MGW,2,2,4
MGZ,2,2,4
MII,2,2,4
MIS,2,2,4
MJD,2,2,4
MJM,2,2,4
MKL,2,2,4
MKM,2,2,4
MLL,2,2,4
MLO,2,2,4
MLW,2,2,4
MMH,2,2,4
MMJ,2,2,4
MMU,2,2,4
MOQ,2,2,4
MOU,2,2,4
MPA,2,2,4
MQF,2,2,4
MQJ,2,2,4
MRD,2,2,4
MRX,2,2,4
MSJ,2,2,4
MTT,2,2,4
MVT,2,2,4
MXV,2,2,4
MXX,2,2,4
MYA,2,2,4
MYG,2,2,4
MZH,2,2,4
NAV,2,2,4
NDU,2,2,4
NGQ,2,2,4
NLT,2,2,4
NNB,2,2,4
NNT,2,2,4
NOZ,2,2,4
NRA,2,2,4
NRK,2,2,4
NSH,2,2,4
NST,2,2,4
NTN,2,2,4
NUI,2,2,4
NUP,2,2,4
NVA,2,2,4
NYT,2,2,4
ODN,2,2,4
ODO,2,2,4
OHH,2,2,4
OMR,2,2,4
ONQ,2,2,4
ORB,2,2,4
ORH,2,2,4
ORZ,2,2,4
OSM,2,2,4
OTH,2,2,4
OWB,2,2,4
OZH,2,2,4
OZZ,2,2,4
PAG,2,2,4
PAS,2,2,4
PBD,2,2,4
PBJ,2,2,4
PBL,2,2,4
PDS,2,2,4
PDV,2,2,4
PED,2,2,4
PEU,2,2,4
PGV,2,2,4
PGX,2,2,4
PHB,2,2,4
PIU,2,2,4
PIZ,2,2,4
PJA,2,2,4
PKE,2,2,4
PLO,2,2,4
POI,2,2,4
PPB,2,2,4
PPK,2,2,4
PPQ,2,2,4
PQI,2,2,4
PRA,2,2,4
PSE,2,2,4
PSG,2,2,4
PUW,2,2,4
PZH,2,2,4
QOW,2,2,4
QRW,2,2,4
RAE,2,2,4
RBQ,2,2,4
RBV,2,2,4
RCE,2,2,4
RDN,2,2,4
RET,2,2,4
RGA,2,2,4
RHI,2,2,4
RIG,3,1,4
RMT,2,2,4
RNA,2,2,4
RNL,2,2,4
ROP,2,2,4
ROW,2,2,4
RSD,2,2,4
RVE,2,2,4
RVN,2,2,4
RVV,2,2,4
RZR,2,2,4
SCT,2,2,4
SDN,2,2,4
SDP,2,2,4
SFN,2,2,4
SGO,2,2,4
SGU,2,2,4
SHB,2,2,4
SHW,2,2,4
SJE,2,2,4
SJT,2,2,4
SJZ,2,2,4
SKX,2,2,4
SLI,2,2,4
SLQ,2,2,4
SLW,2,2,4
SML,2,2,4
SMX,2,2,4
SNE,2,2,4
SNW,2,2,4
SOY,2,2,4
SPS,2,2,4
SRX,2,2,4
STC,2,2,4
SUJ,2,2,4
SUX,2,2,4
SVI,2,2,4
SVL,2,2,4
SVP,2,2,4
SVS,2,2,4
SWJ,2,2,4
SXP,2,2,4
SZE,2,2,4
TAP,2,2,4
TAY,2,2,4
TBB,2,2,4
TBI,2,2,4
TCB,2,2,4
TCG,2,2,4
TCQ,2,2,4
TGJ,2,2,4
THU,2,2,4
TIR,2,2,4
TKD,2,2,4
TKK,2,2,4
TKS,2,2,4
TME,2,2,4
TMJ,2,2,4
TRO,2,2,4
TSH,2,2,4
TST,2,2,4
TUC,2,2,4
TUO,2,2,4
TUP,2,2,4
TVY,2,2,4
TXK,2,2,4
TYF,2,2,4
UAQ,2,2,4
UKS,2,2,4
UKX,2,2,4
ULH,2,2,4
ULP,2,2,4
ULV,2,2,4
UMD,2,2,4
UPN,2,2,4
URY,2,2,4
USK,2,2,4
UTN,2,2,4
UTP,2,2,4
UVE,2,2,4
UYL,2,2,4
VAK,2,2,4
VAO,1,3,4
VCL,2,2,4
VCS,2,2,4
VDH,2,2,4
VDZ,2,2,4
VEE,2,2,4
VHC,2,2,4
VKT,2,2,4
VLV,2,2,4
VUP,2,2,4
VXC,2,2,4
WAT,2,2,4
WBQ,2,2,4
WEI,2,2,4
WIC,2,2,4
WIN,2,2,4
WKJ,2,2,4
WLK,2,2,4
WNH,2,2,4
WNP,2,2,4
WNR,2,2,4
WRE,2,2,4
WRG,2,2,4
WRY,2,2,4
WSX,2,2,4
WTL,2,2,4
WWT,2,2,4
XBJ,2,2,4
XCH,2,2,4
XCR,2,2,4
XKS,2,2,4
XSB,2,2,4
XSC,2,2,4
YAB,2,2,4
YAC,2,2,4
YAK,2,2,4
YAP,2,2,4
YAT,2,2,4
YCD,2,2,4
YCG,2,2,4
YCL,2,2,4
YDQ,2,2,4
YFA,2,2,4
YFS,2,2,4
YGH,2,2,4
YGP,2,2,4
YGX,2,2,4
YHP,2,2,4
YIK,2,2,4
YLH,2,2,4
YNC,2,2,4
YNO,2,2,4
YNS,2,2,4
YOJ,2,2,4
YOP,2,2,4
YPN,2,2,4
YPR,2,2,4
YPY,2,2,4
YQC,2,2,4
YQY,2,2,4
YRB,2,2,4
YRG,2,2,4
YSY,2,2,4
YTQ,2,2,4
YUS,2,2,4
YVM,2,2,4
YWB,2,2,4
YWH,2,2,4
YWJ,2,2,4
YWP,2,2,4
YXX,2,2,4
YYB,2,2,4
YZG,2,2,4
YZT,2,2,4
ZAL,2,2,4
ZEM,2,2,4
ZFN,2,2,4
ZHY,2,2,4
ZKE,2,2,4
ZKG,2,2,4
ZLT,2,2,4
ZNE,2,2,4
ZPB,2,2,4
ZQZ,2,2,4
ZTB,2,2,4
ZUM,2,2,4
AAY,1,2,3
AIU,1,2,3
AMH,1,2,3
ASO,1,2,3
ASV,2,1,3
BJR,2,1,3
BKQ,1,2,3
BKW,2,1,3
BMY,2,1,3
CHY,1,2,3
CKD,2,1,3
CUQ,1,2,3
DJG,2,1,3
EDA,1,2,3
EOI,1,2,3
FLS,1,2,3
FRE,2,1,3
GAF,2,1,3
GMB,2,1,3
HOI,2,1,3
IKE,2,1,3
IVL,2,1,3
JIM,2,1,3
KCC,2,1,3
LOK,1,2,3
LUQ,1,2,3
MUW,2,1,3
OIA,1,2,3
OLH,1,2,3
ORI,1,2,3
,0,3,3
PBZ,2,1,3
PNA,2,1,3
POJ,1,2,3
QBC,2,1,3
SAB,1,2,3
SCM,1,2,3
SHD,1,2,3
SPD,2,1,3
TFI,1,2,3
TID,1,2,3
YVZ,1,2,3
YYU,2,1,3
ZBF,1,2,3
ZIG,2,1,3
AAX,1,1,2
ABM,1,1,2
ABR,1,1,2
ABS,1,1,2
ACU,1,1,2
ACZ,1,1,2
ADK,1,1,2
AEY,1,1,2
AFL,1,1,2
AFZ,1,1,2
AGB,1,1,2
AGN,1,1,2
AGX,1,1,2
AHN,1,1,2
AHU,1,1,2
AKB,1,1,2
AKK,1,1,2
ALW,1,1,2
ANG,1,1,2
ANS,1,1,2
AOE,1,1,2
AOQ,1,1,2
AOS,1,1,2
APF,1,1,2
AQA,1,1,2
ARC,1,1,2
ARK,1,1,2
ARW,1,1,2
ATA,1,1,2
ATD,1,1,2
AUG,1,1,2
AUR,1,1,2
AUY,1,1,2
AVV,1,1,2
AXK,1,1,2
AXR,1,1,2
BAZ,1,1,2
BCI,1,1,2
BDP,1,1,2
BDU,1,1,2
BFF,1,1,2
BFQ,1,1,2
BFV,1,1,2
BHB,1,1,2
BHR,1,1,2
BIR,1,1,2
BJB,1,1,2
BJI,1,1,2
BKM,1,1,2
BKZ,1,1,2
BLD,1,1,2
BLV,1,1,2
BMW,1,1,2
BNB,1,1,2
BPL,1,1,2
BRQ,1,1,2
BRR,1,1,2
BSC,1,1,2
BTC,1,1,2
BTM,1,1,2
BUL,1,1,2
BUW,1,1,2
BVH,1,1,2
BVV,1,1,2
BWA,1,1,2
BWK,1,1,2
BXB,1,1,2
BXR,1,1,2
BYO,1,1,2
BZL,1,1,2
CAH,1,1,2
CAJ,1,1,2
CAL,1,1,2
CBH,1,1,2
CBS,1,1,2
CCK,1,1,2
CDC,1,1,2
CDJ,1,1,2
CED,1,1,2
CEM,1,1,2
CEZ,1,1,2
CFK,1,1,2
CGI,1,1,2
CGM,1,1,2
CHU,1,1,2
CHX,1,1,2
CIC,1,1,2
CIP,1,1,2
CIU,1,1,2
CIX,1,1,2
CIZ,1,1,2
CJM,1,1,2
CKX,1,1,2
CKZ,1,1,2
CLD,1,1,2
CLM,1,1,2
CMG,1,1,2
CMU,1,1,2
CMX,1,1,2
CND,1,1,2
CNM,1,1,2
CNY,1,1,2
CPC,1,1,2
CPD,1,1,2
CPX,1,1,2
CSH,1,1,2
CSK,1,1,2
CTC,1,1,2
CTM,1,1,2
CUM,1,1,2
CXF,1,1,2
CXH,1,1,2
CYP,1,1,2
CYZ,1,1,2
CZE,1,1,2
CZS,1,1,2
DBA,1,1,2
DEE,1,1,2
DEF,1,1,2
DHI,1,1,2
DIJ,1,1,2
DIN,1,1,2
DIW,1,1,2
DND,1,1,2
DOB,1,1,2
DPO,1,1,2
EAE,1,1,2
EAR,1,1,2
EAT,1,1,2
EAU,1,1,2
EBH,1,1,2
EDO,1,1,2
EGE,1,1,2
EGS,1,1,2
EGX,1,1,2
EJA,1,1,2
EJH,1,1,2
EKO,1,1,2
EKS,1,1,2
ELC,1,1,2
ELL,1,1,2
ELU,1,1,2
ELV,1,1,2
ERN,1,1,2
ESC,1,1,2
ESD,1,1,2
ESL,1,1,2
ETR,1,1,2
EUX,1,1,2
EXI,1,1,2
FJR,1,1,2
FMA,1,1,2
FOE,1,1,2
FRD,1,1,2
FUN,1,1,2
FUT,1,1,2
FVM,1,1,2
GAO,1,1,2
GBB,1,1,2
GCN,1,1,2
GCW,1,1,2
GDE,1,1,2
GDV,1,1,2
GDZ,1,1,2
GFN,1,1,2
GGW,1,1,2
GHE,1,1,2
GHT,1,1,2
GIL,1,1,2
GJA,1,1,2
GLH,1,1,2
GLO,1,1,2
GMA,1,1,2
GMR,1,1,2
GMZ,1,1,2
GNM,1,1,2
GNU,1,1,2
GPB,1,1,2
GRP,1,1,2
GRV,1,1,2
GRW,1,1,2
GUC,1,1,2
GVR,1,1,2
GWL,1,1,2
GYA,1,1,2
HAC,1,1,2
HDM,1,1,2
HDN,1,1,2
HGN,1,1,2
HIB,1,1,2
HID,1,1,2
HJR,1,1,2
HKB,1,1,2
HKK,1,1,2
HNM,1,1,2
HOB,1,1,2
HOE,1,1,2
HVD,1,1,2
HVR,1,1,2
HYG,1,1,2
IAA,1,1,2
IAO,1,1,2
IAR,1,1,2
IBA,1,1,2
ICI,1,1,2
IFJ,1,1,2
IGG,1,1,2
IIL,1,1,2
IKO,1,1,2
ILD,1,1,2
ILI,1,1,2
ILP,1,1,2
ILR,1,1,2
ILY,1,1,2
IOQ,1,1,2
IPI,1,1,2
IRC,1,1,2
IRJ,1,1,2
IRK,1,1,2
IRP,1,1,2
IRZ,1,1,2
ISE,1,1,2
IWJ,1,1,2
IWK,1,1,2
IXG,1,1,2
IZO,1,1,2
JAU,1,1,2
JBR,1,1,2
JGA,1,1,2
JJA,1,1,2
JKR,1,1,2
JOE,1,1,2
JOL,1,1,2
JOS,1,1,2
JQE,1,1,2
KAA,1,1,2
KAD,1,1,2
KAE,1,1,2
KAO,1,1,2
KAT,1,1,2
KAW,1,1,2
KAZ,1,1,2
KBC,1,1,2
KCG,1,1,2
KCK,1,1,2
KCL,1,1,2
KCO,1,1,2
KCQ,1,1,2
KDU,1,1,2
KEP,1,1,2
KET,1,1,2
KEW,1,1,2
KFP,1,1,2
KFS,1,1,2
KGC,1,1,2
KGP,1,1,2
KGT,1,1,2
KHD,1,1,2
KHS,1,1,2
KID,1,1,2
KKB,1,1,2
KKE,1,1,2
KKR,1,1,2
KLL,1,1,2
KLN,1,1,2
KME,1,1,2
KNQ,1,1,2
KNU,1,1,2
KOO,1,1,2
KOS,1,1,2
KPB,1,1,2
KPV,1,1,2
KQA,1,1,2
KRP,1,1,2
KSE,1,1,2
KSO,1,1,2
KTL,1,1,2
KUO,1,1,2
KUU,1,1,2
KVC,1,1,2
KVK,1,1,2
KWF,1,1,2
KXU,1,1,2
KYP,1,1,2
KYZ,1,1,2
KZR,1,1,2
LAI,1,1,2
LAM,1,1,2
LAR,1,1,2
LAZ,1,1,2
LBF,1,1,2
LBP,1,1,2
LCX,1,1,2
LDU,1,1,2
LEC,1,1,2
LEH,1,1,2
LEN,1,1,2
LEQ,1,1,2
LFR,1,1,2
LGQ,1,1,2
LKB,1,1,2
LKG,1,1,2
LLB,1,1,2
LMA,1,1,2
LMC,1,1,2
LMN,1,1,2
LNS,1,1,2
LOE,1,1,2
LPD,1,1,2
LPS,1,1,2
LPT,1,1,2
LPY,1,1,2
LQM,1,1,2
LSA,1,1,2
LSY,1,1,2
LTD,1,1,2
LTI,1,1,2
LTO,1,1,2
LUD,1,1,2
LUH,1,1,2
LUO,1,1,2
LUR,1,1,2
LWN,1,1,2
LXG,1,1,2
MAQ,1,1,2
MAZ,1,1,2
MBE,1,1,2
MBI,1,1,2
MBL,1,1,2
MBT,1,1,2
MCE,1,1,2
MCK,1,1,2
MCM,1,1,2
MCV,1,1,2
MDU,1,1,2
MEB,1,1,2
MEC,1,1,2
MEE,1,1,2
MEI,1,1,2
MFU,1,1,2
MGH,1,1,2
MGS,1,1,2
MGT,1,1,2
MHC,1,1,2
MHG,1,1,2
MJU,1,1,2
MKG,1,1,2
MKP,1,1,2
MLY,1,1,2
MMO,1,1,2
MNA,1,1,2
MNS,1,1,2
MNT,1,1,2
MOD,1,1,2
MOI,1,1,2
MPN,1,1,2
MPP,1,1,2
MQH,1,1,2
MRZ,1,1,2
MSL,1,1,2
MSS,1,1,2
MSU,1,1,2
MSZ,1,1,2
MTJ,1,1,2
MTS,1,1,2
MUE,1,1,2
MUK,1,1,2
MVR,1,1,2
MWA,1,1,2
MWF,1,1,2
MYQ,1,1,2
MYU,1,1,2
MYW,1,1,2
MZL,1,1,2
NAH,1,1,2
NAJ,1,1,2
NAW,1,1,2
NGE,1,1,2
NIB,1,1,2
NKI,1,1,2
NLD,1,1,2
NLG,1,1,2
NOB,1,1,2
NOP,1,1,2
NQU,1,1,2
NTQ,1,1,2
NTX,1,1,2
NVK,1,1,2
NYI,1,1,2
OAG,1,1,2
OAL,1,1,2
OBY,1,1,2
ODY,1,1,2
OER,1,1,2
OGD,1,1,2
OGL,1,1,2
OGM,1,1,2
OGS,1,1,2
OGZ,1,1,2
OIM,1,1,2
OKL,1,1,2
OLA,1,1,2
OLC,1,1,2
OLF,1,1,2
OLL,1,1,2
OLP,1,1,2
OMD,1,1,2
OMO,1,1,2
OND,1,1,2
ONJ,1,1,2
OST,1,1,2
OSW,1,1,2
OTD,1,1,2
PAF,1,1,2
PAH,1,1,2
PAV,1,1,2
PBU,1,1,2
PDT,1,1,2
PEC,1,1,2
PES,1,1,2
PEZ,1,1,2
PFQ,1,1,2
PHW,1,1,2
PIB,1,1,2
PIH,1,1,2
PIN,1,1,2
PIP,1,1,2
PJG,1,1,2
PKA,1,1,2
PKB,1,1,2
PKR,1,1,2
PLN,1,1,2
PMY,1,1,2
POG,1,1,2
PPG,1,1,2
PPN,1,1,2
PPV,1,1,2
PQM,1,1,2
PRC,1,1,2
PRH,1,1,2
PRI,1,1,2
PSJ,1,1,2
PSM,1,1,2
PSS,1,1,2
PTG,1,1,2
PTH,1,1,2
PTU,1,1,2
PUB,1,1,2
PUE,1,1,2
PUG,1,1,2
PUM,1,1,2
PVA,1,1,2
PVC,1,1,2
PVE,1,1,2
PWE,1,1,2
PYC,1,1,2
PYH,1,1,2
PYY,1,1,2
PZB,1,1,2
QUB,1,1,2
QUO,1,1,2
RAH,1,1,2
RCB,1,1,2
RCH,1,1,2
RCM,1,1,2
RCY,1,1,2
RDC,1,1,2
RDD,1,1,2
RDV,1,1,2
RES,1,1,2
RGK,1,1,2
RGS,1,1,2
RHD,1,1,2
RIB,1,1,2
RIW,1,1,2
RJH,1,1,2
RJL,1,1,2
RKD,1,1,2
RMP,1,1,2
RNN,1,1,2
ROI,1,1,2
ROO,1,1,2
RRG,1,1,2
RRS,1,1,2
RSA,1,1,2
RTA,1,1,2
RUA,1,1,2
RUS,1,1,2
RUT,1,1,2
RVD,1,1,2
SAX,1,1,2
SCK,1,1,2
SCZ,1,1,2
SDE,1,1,2
SDG,1,1,2
SDY,1,1,2
SFL,1,1,2
SGD,1,1,2
SHC,1,1,2
SHL,1,1,2
SHM,1,1,2
SHR,1,1,2
SIC,1,1,2
SJI,1,1,2
SJL,1,1,2
SKE,1,1,2
SKO,1,1,2
SLK,1,1,2
SLM,1,1,2
SLN,1,1,2
SLX,1,1,2
SNO,1,1,2
SNV,1,1,2
SOM,1,1,2
SPB,1,1,2
SRA,1,1,2
SRK,1,1,2
SRV,1,1,2
SSB,1,1,2
SSR,1,1,2
SSY,1,1,2
SUR,1,1,2
SVC,1,1,2
SVR,1,1,2
SVZ,1,1,2
SXI,1,1,2
SXK,1,1,2
SXO,1,1,2
SYB,1,1,2
SYO,1,1,2
SYQ,1,1,2
SZI,1,1,2
TBN,1,1,2
TBP,1,1,2
TBT,1,1,2
TBW,1,1,2
TCD,1,1,2
TCO,1,1,2
TCR,1,1,2
TCT,1,1,2
TDX,1,1,2
TEB,1,1,2
TEE,1,1,2
TEQ,1,1,2
TGC,1,1,2
TGH,1,1,2
TGI,1,1,2
TGK,1,1,2
TGP,1,1,2
TGR,1,1,2
THD,1,1,2
THN,1,1,2
THS,1,1,2
TIU,1,1,2
TKE,1,1,2
TKJ,1,1,2
TKP,1,1,2
TLJ,1,1,2
TMI,1,1,2
TMT,1,1,2
TMW,1,1,2
TNC,1,1,2
TNN,1,1,2
TNW,1,1,2
TOG,1,1,2
TOU,1,1,2
TQL,1,1,2
TRE,1,1,2
TRR,1,1,2
TRU,1,1,2
TTA,1,1,2
TTJ,1,1,2
TTQ,1,1,2
TTT,1,1,2
TTU,1,1,2
TUI,1,1,2
TUR,1,1,2
TVF,1,1,2
TWF,1,1,2
UDJ,1,1,2
UEO,1,1,2
UGB,1,1,2
UIN,1,1,2
UIP,1,1,2
ULG,1,1,2
ULO,1,1,2
ULZ,1,1,2
UNN,1,1,2
URE,1,1,2
URG,1,1,2
URS,1,1,2
UST,1,1,2
UTS,1,1,2
UTT,1,1,2
UYU,1,1,2
VBV,1,1,2
VCT,1,1,2
VDB,1,1,2
VDM,1,1,2
VEL,1,1,2
VGZ,1,1,2
VIN,1,1,2
VIS,1,1,2
VKG,1,1,2
VLS,1,1,2
VLY,1,1,2
VPY,1,1,2
VRC,1,1,2
VUS,1,1,2
WAG,1,1,2
WBM,1,1,2
WGP,1,1,2
WHK,1,1,2
WJU,1,1,2
WLH,1,1,2
WMR,1,1,2
WMX,1,1,2
WNA,1,1,2
WSN,1,1,2
WSZ,1,1,2
WWP,1,1,2
WYA,1,1,2
XFW,1,1,2
XGR,1,1,2
XKH,1,1,2
XMS,1,1,2
XTG,1,1,2
YAA,1,1,2
YBR,1,1,2
YES,1,1,2
YFJ,1,1,2
YGK,1,1,2
YGZ,1,1,2
YIE,1,1,2
YJT,1,1,2
YKM,1,1,2
YKT,1,1,2
YLC,1,1,2
YLE,1,1,2
YLL,1,1,2
YNY,1,1,2
YOG,1,1,2
YOL,1,1,2
YPC,1,1,2
YPL,1,1,2
YPO,1,1,2
YPW,1,1,2
YQL,1,1,2
YRA,1,1,2
YSG,1,1,2
YUB,1,1,2
YXH,1,1,2
YYF,1,1,2
YZP,1,1,2
YZR,1,1,2
YZZ,1,1,2
ZBL,1,1,2
ZDY,1,1,2
ZFM,1,1,2
ZMT,1,1,2
ZOS,1,1,2
,0,1,1
,0,1,1
,0,1,1
,0,1,1
,0,1,1
,0,1,1
IUE,1,0,1
KHZ,1,0,1
,0,1,1
,0,1,1
,0,1,1
,0,1,1
LJA,1,0,1
MSW,1,0,1
PTJ,1,0,1
,0,1,1
QFN,1,0,1
,0,1,1
QJH,1,0,1
,0,1,1
,0,1,1
,0,1,1
STZ,1,0,1
SXX,1,0,1
,0,1,1
,0,1,1
VDA,1,0,1
,0,1,1
